UserId,Gender,Age,Occupation,ZipCode
1,F,1,K-12 student,48067
2,M,56,self-employed,70072
3,M,25,scientist,55117
4,M,45,executive/managerial,02460
5,M,25,writer,55455
6,F,50,homemaker,55117
7,M,35,academic/educator,06810
8,M,25,programmer,11413
9,M,25,technician/engineer,61614
10,F,35,academic/educator,95370
11,F,25,academic/educator,04093
12,M,25,programmer,32793
13,M,45,academic/educator,93304
14,M,35,other,60126
15,M,25,executive/managerial,22903
16,F,35,other,20670
17,M,50,academic/educator,95350
18,F,18,clerical/admin,95825
19,M,1,K-12 student,48073
20,M,25,sales/marketing,55113
21,M,18,self-employed,99353
22,M,18,scientist,53706
23,M,35,other,90049
24,F,25,executive/managerial,10023
25,M,18,college/grad student,01609
26,M,25,executive/managerial,23112
27,M,25,lawyer,19130
28,F,25,academic/educator,14607
29,M,35,executive/managerial,33407
30,F,35,executive/managerial,19143
31,M,56,executive/managerial,06840
32,F,25,other,19355
33,M,45,clerical/admin,55421
34,F,18,other,02135
35,M,45,academic/educator,02482
36,M,25,clerical/admin,94123
37,F,25,homemaker,66212
38,F,18,college/grad student,02215
39,M,18,college/grad student,61820
40,M,45,other,10543
41,F,18,college/grad student,15116
42,M,25,farmer,24502
43,M,25,programmer,60614
44,M,45,technician/engineer,98052
45,F,45,self-employed,94110
46,M,18,unemployed,75602
47,M,18,college/grad student,94305
48,M,25,college/grad student,92107
49,M,18,programmer,77084
50,F,25,artist,98133
51,F,1,K-12 student,10562
52,M,18,college/grad student,72212
53,M,25,other,96931
54,M,50,academic/educator,56723
55,F,35,programmer,55303
56,M,35,writer,60440
57,M,18,unemployed,30350
58,M,25,artist,30303
59,F,50,academic/educator,55413
60,M,50,academic/educator,72118
61,M,25,technician/engineer,95122
62,F,35,clerical/admin,98105
63,M,18,college/grad student,54902
64,M,18,academic/educator,53706
65,M,35,programmer,55803
66,M,25,tradesman/craftsman,57706
67,F,50,customer service,60181
68,M,18,college/grad student,53706
69,F,25,academic/educator,02143
70,M,18,college/grad student,53703
71,M,25,sales/marketing,95008
72,F,45,other,55122
73,M,18,college/grad student,53706
74,M,35,sales/marketing,94530
75,F,1,K-12 student,01748
76,M,35,executive/managerial,55413
77,M,18,college/grad student,15321
78,F,45,academic/educator,98029
79,F,45,other,98103
80,M,56,academic/educator,49327
81,F,25,other,60640
82,M,25,technician/engineer,48380
83,F,25,artist,94609
84,M,18,college/grad student,53140
85,M,18,college/grad student,94945
86,F,1,K-12 student,54467
87,M,25,sales/marketing,48360
88,F,45,academic/educator,02476
89,F,56,homemaker,85749
90,M,56,retired,85749
91,M,35,executive/managerial,07650
92,F,18,college/grad student,44243
93,M,25,technician/engineer,95825
94,M,25,technician/engineer,28601
95,M,45,other,98201
96,F,25,self-employed,78028
97,F,35,clerical/admin,66210
98,F,35,executive/managerial,33547
99,F,1,K-12 student,19390
100,M,35,technician/engineer,95401
101,F,18,clerical/admin,33314
102,M,35,unemployed,20871
103,M,45,executive/managerial,92104
104,M,25,programmer,00926
105,M,45,programmer,90277
106,F,35,lawyer,79101
107,M,45,tradesman/craftsman,63129
108,M,25,programmer,30316
109,M,45,scientist,92028
110,M,25,artist,90803
111,M,35,scientist,55416
112,M,25,self-employed,97209
113,M,18,programmer,37032
114,F,25,artist,83712
115,M,25,technician/engineer,28083
116,M,25,technician/engineer,55744
117,M,25,technician/engineer,33314
118,M,35,technician/engineer,22315
119,F,1,K-12 student,77515
120,M,25,lawyer,27106
121,M,35,executive/managerial,75229
122,F,18,college/grad student,94305
123,M,35,homemaker,67208
124,M,56,executive/managerial,91356
125,M,45,sales/marketing,01701
126,M,18,homemaker,98117
127,F,45,clerical/admin,01770
128,M,56,doctor/health care,37922
129,M,25,lawyer,20164
130,M,35,technician/engineer,50021
131,M,18,college/grad student,06520
132,M,25,technician/engineer,99709
133,F,25,other,55071
134,M,25,other,66212
135,M,18,college/grad student,20006
136,M,18,artist,21202
137,F,45,doctor/health care,78758
138,M,18,writer,22203
139,F,25,writer,45409
140,F,35,academic/educator,55107
141,M,35,retired,62035
142,M,25,executive/managerial,10011
143,M,18,clerical/admin,64043
144,M,25,technician/engineer,29401
145,M,18,college/grad student,19081
146,F,35,writer,10954
147,M,18,college/grad student,91360
148,M,50,technician/engineer,57747
149,M,25,academic/educator,29205
150,M,35,executive/managerial,98144
151,F,25,writer,85013
152,M,18,college/grad student,48104
153,M,1,K-12 student,51537
154,M,50,writer,94530
155,M,35,programmer,07470
156,F,45,executive/managerial,14519
157,M,35,self-employed,12866
158,M,56,executive/managerial,28754
159,F,45,other,37922
160,M,35,executive/managerial,13021
161,M,45,self-employed,98107-2117
162,F,18,college/grad student,93117
163,M,18,college/grad student,85013
164,F,56,retired,94566
165,M,18,self-employed,98502
166,M,18,college/grad student,92802
167,F,25,lawyer,10022
168,F,50,other,46970
169,M,25,executive/managerial,55439
170,M,25,lawyer,07002
171,F,50,technician/engineer,55441
172,M,25,clerical/admin,07661
173,M,25,other,45237
174,M,25,self-employed,21203
175,F,25,artist,95123
176,F,18,clerical/admin,55016
177,M,50,academic/educator,54016
178,M,56,technician/engineer,53705
179,M,25,other,02135
180,M,45,programmer,01603
181,M,18,technician/engineer,33186
182,M,18,college/grad student,03052
183,F,45,academic/educator,55407
184,F,25,other,19001
185,M,45,other,14468
186,M,18,customer service,91767
187,F,45,academic/educator,94061
188,M,56,self-employed,79930
189,M,18,other,60076
190,M,25,technician/engineer,55125
191,M,18,college/grad student,04915
192,M,18,academic/educator,10977
193,F,45,scientist,44106
194,F,1,K-12 student,29146
195,M,25,programmer,10458
196,F,35,homemaker,94587
197,M,18,sales/marketing,10023
198,M,25,programmer,55108
199,M,18,college/grad student,83706
200,F,18,college/grad student,84321
201,F,35,artist,55117
202,M,18,college/grad student,53706
203,F,18,college/grad student,53715
204,M,25,executive/managerial,92123
205,M,35,programmer,97333
206,M,25,technician/engineer,20194
207,M,25,programmer,94115
208,M,35,technician/engineer,55432
209,M,35,academic/educator,90048
210,F,1,K-12 student,25801
211,M,45,technician/engineer,90620
212,M,25,self-employed,53714
213,F,18,college/grad student,01609
214,M,18,writer,80218
215,M,35,sales/marketing,92075
216,M,45,retired,52761
217,M,18,college/grad student,22903
218,M,35,sales/marketing,95822
219,F,25,college/grad student,55113
220,M,25,programmer,22903
221,F,25,other,94063
222,M,25,academic/educator,55116
223,M,25,technician/engineer,28262
224,F,18,college/grad student,14850
225,M,25,executive/managerial,11215
226,M,35,academic/educator,94518
227,M,35,writer,90291
228,M,25,scientist,55455
229,M,18,K-12 student,04576
230,M,45,academic/educator,43210
231,M,25,clerical/admin,55455
232,M,25,writer,55408
233,F,45,writer,37919-4204
234,M,35,executive/managerial,39652
235,M,25,other,98153
236,M,25,customer service,55126
237,M,25,doctor/health care,46835
238,F,50,executive/managerial,90291
239,M,18,unemployed,94618
240,M,50,technician/engineer,55113
241,M,35,writer,55121
242,F,18,college/grad student,53706
243,M,25,self-employed,11576
244,M,50,executive/managerial,19072
245,M,35,self-employed,66046
246,F,18,college/grad student,60625
247,M,25,technician/engineer,94404
248,M,18,technician/engineer,72703
249,F,18,sales/marketing,48126
250,M,35,self-employed,11229
251,M,56,technician/engineer,55105
252,M,25,programmer,94112
253,F,25,lawyer,97370
254,M,35,technician/engineer,49015
255,M,35,other,85310
256,M,45,self-employed,55076
257,M,18,tradesman/craftsman,55113
258,M,25,executive/managerial,55436
259,M,25,academic/educator,60615
260,M,18,unemployed,98126
261,M,25,writer,75801
262,F,25,academic/educator,68503
263,F,25,executive/managerial,22304
264,M,35,other,20755
265,F,35,executive/managerial,55116
266,M,35,lawyer,75229
267,M,45,programmer,55001
268,F,18,programmer,29708
269,M,25,artist,55408
270,M,50,sales/marketing,55414
271,M,18,college/grad student,48202
272,M,18,other,80302
273,M,18,college/grad student,55427
274,M,18,college/grad student,55455
275,M,25,other,48162
276,M,45,self-employed,01982
277,F,35,academic/educator,98126
278,M,45,tradesman/craftsman,60482
279,M,25,sales/marketing,91214
280,M,50,executive/managerial,19118
281,F,35,other,94117
282,M,25,technician/engineer,94401
283,M,25,other,10003
284,M,25,programmer,91910
285,F,35,other,94109
286,M,25,academic/educator,54601
287,M,50,retired,94706
288,F,25,programmer,97119
289,F,25,other,11801
290,F,25,writer,94591
291,M,35,programmer,55110
292,M,35,executive/managerial,19406
293,M,56,academic/educator,55337-4056
294,F,45,homemaker,43147
295,M,18,other,80203
296,M,50,customer service,89432
297,M,18,artist,97211
298,F,18,college/grad student,19010
299,M,25,programmer,97370
300,M,25,executive/managerial,78664
301,M,18,college/grad student,61820
302,M,18,college/grad student,04901
303,M,25,executive/managerial,20006
304,M,25,other,55414
305,F,18,other,55414
306,M,18,other,53051
307,M,50,self-employed,90027
308,M,25,artist,10025
309,M,25,college/grad student,16801
310,F,18,college/grad student,31207
311,M,18,college/grad student,31201
312,F,50,artist,22207
313,F,18,college/grad student,02138
314,F,56,homemaker,46911
315,F,56,academic/educator,55105
316,M,56,retired,90740
317,M,35,executive/managerial,38555
318,F,56,retired,55104
319,F,50,doctor/health care,33436
320,M,35,doctor/health care,99516
321,M,18,college/grad student,55128
322,M,56,technician/engineer,55117
323,M,45,programmer,53716
324,M,35,technician/engineer,55106
325,F,50,clerical/admin,55112
326,M,50,lawyer,25302
327,M,35,tradesman/craftsman,55448
328,M,35,programmer,80401
329,M,35,executive/managerial,02115
330,M,56,executive/managerial,92065
331,M,25,executive/managerial,55902
332,M,50,academic/educator,55109
333,M,35,artist,55410
334,F,56,artist,55113
335,M,35,tradesman/craftsman,55434
336,M,18,other,98765
337,M,18,unemployed,80205
338,M,35,executive/managerial,55116
339,M,50,executive/managerial,80207
340,F,25,clerical/admin,28001
341,F,56,retired,92119
342,M,18,programmer,55076
343,F,35,clerical/admin,55127
344,M,35,sales/marketing,75034
345,M,25,programmer,94114
346,F,25,other,55110
347,F,56,academic/educator,55305
348,M,50,executive/managerial,55110
349,M,1,K-12 student,08035
350,M,45,writer,08035
351,M,18,college/grad student,55105
352,M,18,college/grad student,60115
353,F,35,executive/managerial,92625
354,M,35,academic/educator,55117
355,M,18,clerical/admin,55107
356,M,56,writer,55101
357,M,18,other,98103
358,F,56,academic/educator,20815
359,M,25,technician/engineer,55128
360,M,35,technician/engineer,28208
361,F,25,sales/marketing,94115
362,M,35,writer,55407
363,M,18,K-12 student,55419
364,F,35,academic/educator,46815
365,F,18,college/grad student,02138
366,M,50,scientist,55126
367,M,50,programmer,55421
368,M,25,other,90293
369,M,35,academic/educator,55110
370,M,18,technician/engineer,22304
371,M,18,college/grad student,02141
372,F,18,college/grad student,72227
373,F,25,artist,55347
374,F,35,sales/marketing,55346
375,M,25,artist,55106
376,M,35,academic/educator,80026
377,M,25,technician/engineer,55418
378,F,18,other,55105
379,F,35,academic/educator,54822
380,M,25,artist,92024
381,M,35,technician/engineer,89015
382,F,35,writer,66205
383,F,25,executive/managerial,78757
384,M,25,lawyer,55075
385,M,25,doctor/health care,68131
386,M,25,other,55408
387,F,35,executive/managerial,55111
388,F,25,other,10021
389,M,25,doctor/health care,68128
390,M,25,college/grad student,55405
391,M,45,lawyer,22122
392,M,18,executive/managerial,20037
393,M,35,technician/engineer,55402
394,M,18,other,55013
395,M,18,customer service,55104
396,M,25,academic/educator,56187
397,M,35,technician/engineer,22124
398,M,25,technician/engineer,55454
399,F,35,doctor/health care,55128
400,F,18,clerical/admin,55422
401,M,18,other,55129
402,M,25,lawyer,55427
403,M,18,college/grad student,02138
404,M,18,college/grad student,10128
405,M,56,academic/educator,13077
406,M,25,writer,55105
407,M,18,technician/engineer,89503
408,M,25,lawyer,02143
409,M,18,programmer,55122
410,F,25,academic/educator,55417
411,F,45,academic/educator,43214
412,M,35,scientist,55117
413,M,25,lawyer,55409
414,M,25,other,55317
415,F,35,other,55406
416,M,45,sales/marketing,55076
417,F,25,other,50613
418,F,25,clerical/admin,54016
419,M,18,clerical/admin,55422
420,M,35,academic/educator,55406
421,F,45,clerical/admin,55125
422,M,56,technician/engineer,55104
423,M,18,college/grad student,55455
424,M,25,technician/engineer,55112
425,M,25,programmer,55303
426,M,18,college/grad student,55455
427,M,35,programmer,55104
428,F,18,college/grad student,55455
429,M,18,other,54901
430,F,18,K-12 student,55306
431,M,18,K-12 student,55303
432,M,45,self-employed,55306
433,M,50,doctor/health care,55115
434,F,45,clerical/admin,98155
435,M,25,executive/managerial,55125
436,M,18,college/grad student,43023
437,M,35,technician/engineer,55030
438,M,18,lawyer,53705
439,M,35,sales/marketing,55129
440,M,56,academic/educator,32940
441,M,35,academic/educator,55127
442,M,25,academic/educator,55105
443,M,25,clerical/admin,55421
444,M,56,other,55108
445,M,45,programmer,55117
446,F,50,other,55042
447,F,45,lawyer,55105
448,M,25,technician/engineer,80123
449,M,25,executive/managerial,85037
450,M,45,academic/educator,24523
451,M,56,retired,54720
452,M,50,technician/engineer,55117
453,M,18,college/grad student,55102
454,M,25,writer,55092
455,F,35,artist,55113
456,M,35,other,55105
457,M,18,college/grad student,54703
458,M,50,self-employed,55405-2546
459,F,18,college/grad student,55105
460,M,45,tradesman/craftsman,55313
461,M,50,executive/managerial,55075
462,M,18,self-employed,55416
463,M,25,executive/managerial,55105
464,F,18,college/grad student,55455
465,M,18,unemployed,94523
466,M,25,customer service,55405
467,F,35,clerical/admin,55075
468,F,1,K-12 student,55082
469,M,35,doctor/health care,55122
470,F,1,K-12 student,55068
471,M,35,executive/managerial,08904
472,M,35,other,55418
473,F,18,college/grad student,55112
474,M,25,technician/engineer,92126
475,F,25,artist,55421
476,M,35,other,55127
477,M,35,sales/marketing,55410
478,M,50,self-employed,55113
479,M,25,programmer,55042
480,F,18,college/grad student,55422
481,M,45,executive/managerial,55115
482,M,25,sales/marketing,55305
483,M,18,programmer,55105
484,F,1,K-12 student,55104
485,M,56,executive/managerial,55042
486,M,56,other,91367
487,F,35,technician/engineer,55082
488,M,25,programmer,55107
489,M,18,college/grad student,55455
490,M,1,K-12 student,55345
491,M,18,college/grad student,56043
492,M,25,programmer,55112
493,M,50,executive/managerial,55016
494,F,35,other,17870
495,M,18,K-12 student,55421
496,M,18,college/grad student,55455
497,F,25,technician/engineer,55412
498,M,35,technician/engineer,55113
499,F,25,academic/educator,55108
500,F,18,artist,55105
501,M,25,artist,55372
502,M,35,doctor/health care,55126
503,M,35,lawyer,73120
504,M,25,artist,17003
505,M,35,technician/engineer,37815
506,M,25,self-employed,55103-1006
507,F,25,other,55405
508,M,25,programmer,55418
509,M,25,artist,55125
510,M,18,programmer,55109
511,F,45,college/grad student,15232
512,M,35,other,55379
513,M,25,other,55119
514,M,25,artist,55113
515,M,25,academic/educator,55406
516,F,56,sales/marketing,55033
517,F,25,sales/marketing,55408
518,F,35,programmer,75240
519,F,35,sales/marketing,55038
520,F,35,writer,55104
521,M,56,executive/managerial,55105
522,M,25,programmer,55124
523,M,50,executive/managerial,55105
524,M,18,other,91320
525,M,35,doctor/health care,19027
526,M,45,technician/engineer,94806
527,F,25,artist,11201
528,F,18,technician/engineer,83843
529,M,35,programmer,92009
530,M,25,artist,10019
531,F,18,sales/marketing,22206
532,M,25,executive/managerial,94301
533,M,25,programmer,27514
534,M,25,scientist,55902
535,M,35,doctor/health care,95370
536,M,25,writer,01267
537,M,45,sales/marketing,07704
538,M,56,self-employed,95407
539,M,25,artist,55103
540,M,18,academic/educator,15213
541,F,18,college/grad student,5849574
542,M,18,college/grad student,78705
543,M,25,customer service,55057
544,M,35,programmer,94538
545,M,35,technician/engineer,01890
546,F,25,other,37211
547,M,35,programmer,76109
548,F,35,self-employed,96860
549,M,25,doctor/health care,53217
550,M,45,farmer,21559
551,M,35,writer,55116
552,M,50,tradesman/craftsman,23456
553,M,25,artist,94131
554,M,25,programmer,94086
555,M,18,college/grad student,53213
556,F,25,homemaker,37221
557,M,56,academic/educator,30030
558,M,35,writer,55108
559,F,25,executive/managerial,60422
560,M,45,scientist,81335
561,F,18,sales/marketing,64060
562,M,35,writer,48083
563,M,25,college/grad student,53703
564,M,45,academic/educator,49419
565,M,25,self-employed,45242
566,M,25,technician/engineer,92122
567,M,35,writer,52570-9634
568,F,50,technician/engineer,19716
569,F,18,college/grad student,97339
570,M,25,college/grad student,33314
571,M,50,customer service,95401
572,M,18,college/grad student,61801
573,F,35,artist,98119
574,M,25,unemployed,90214
575,M,25,programmer,92130
576,F,45,scientist,20910
577,M,35,other,02115
578,M,18,technician/engineer,90064
579,M,25,customer service,32839
580,M,1,K-12 student,08534
581,M,50,sales/marketing,73543
582,M,18,college/grad student,67042
583,F,25,other,48067
584,F,25,other,94403
585,M,18,academic/educator,53703
586,M,35,sales/marketing,53092
587,M,25,writer,92649
588,F,25,lawyer,23220
589,M,18,artist,90210
590,F,35,doctor/health care,98032
591,M,25,other,76201
592,M,18,other,92103
593,F,50,academic/educator,91711
594,F,56,retired,60076
595,M,25,executive/managerial,10019
596,F,25,academic/educator,01950
597,M,35,programmer,80206
598,M,35,executive/managerial,95476
599,M,50,doctor/health care,53711
600,M,35,technician/engineer,66209
601,F,18,writer,06320
602,F,56,doctor/health care,14612
603,F,25,doctor/health care,32256
604,M,45,technician/engineer,32256
605,F,18,college/grad student,44425
606,F,1,K-12 student,49507
607,M,25,other,43614
608,M,18,college/grad student,18011
609,M,25,executive/managerial,10012
610,M,25,college/grad student,77025
611,M,35,other,20715
612,M,50,executive/managerial,95020
613,M,35,writer,10562
614,M,35,academic/educator,90024
615,M,50,technician/engineer,32951
616,M,25,executive/managerial,94115
617,F,25,executive/managerial,92117
618,M,25,other,74105
619,F,18,academic/educator,94706
620,M,18,other,13210
621,M,18,college/grad student,93560
622,M,25,other,92612
623,M,25,technician/engineer,60555
624,M,25,academic/educator,75207
625,F,35,programmer,44106
626,M,18,college/grad student,77005
627,M,50,artist,97210
628,F,35,other,20715
629,F,1,K-12 student,48154
630,F,35,sales/marketing,80525
631,M,35,technician/engineer,28601
632,M,45,technician/engineer,07649
633,M,25,technician/engineer,94131
634,F,1,K-12 student,49512
635,M,56,technician/engineer,33785
636,M,18,writer,92055
637,M,35,programmer,97132
638,M,25,doctor/health care,77584
639,M,45,technician/engineer,85202
640,M,18,college/grad student,47406
641,F,35,other,55116
642,F,35,academic/educator,78155
643,M,25,artist,23188
644,M,25,writer,93704
645,M,35,writer,11215
646,M,35,executive/managerial,08505
647,M,35,programmer,85224
648,F,25,programmer,94131
649,M,25,college/grad student,80526
650,M,25,technician/engineer,49445
651,M,35,executive/managerial,20895
652,M,18,writer,12222
653,M,56,retired,92660
654,M,50,executive/managerial,75023
655,F,25,artist,92629
656,F,45,self-employed,92106
657,F,50,retired,34691
658,F,25,other,10021
659,F,25,other,28134
660,M,45,self-employed,70507
661,M,45,academic/educator,13114
662,M,18,college/grad student,99163
663,F,25,executive/managerial,12345
664,M,35,tradesman/craftsman,74601
665,M,18,artist,13317
666,F,18,other,08540
667,M,25,tradesman/craftsman,98438
668,F,25,clerical/admin,22042
669,M,25,technician/engineer,30307
670,M,25,programmer,30303
671,M,18,college/grad student,61761
672,M,35,executive/managerial,46845
673,M,25,writer,10023
674,M,25,technician/engineer,22042
675,M,25,writer,02048
676,M,18,self-employed,55129
677,M,50,artist,94122
678,M,25,other,34952
679,M,35,self-employed,29681
680,M,25,programmer,37013
681,M,35,executive/managerial,30501
682,M,25,college/grad student,27510
683,M,25,college/grad student,27514
684,M,25,college/grad student,27510
685,M,25,college/grad student,27514
686,M,18,college/grad student,27514
687,F,25,executive/managerial,14136
688,M,56,retired,13407
689,F,50,other,48103
690,M,25,programmer,90717
691,M,35,lawyer,96813
692,F,25,other,85207
693,M,35,programmer,98103
694,M,18,college/grad student,76401
695,F,18,academic/educator,04240
696,M,25,programmer,94114
697,F,50,doctor/health care,97330
698,M,18,college/grad student,76401
699,M,18,other,73505
700,M,50,technician/engineer,14650
701,F,18,college/grad student,01002
702,M,35,executive/managerial,90808
703,F,56,academic/educator,44074
704,F,35,farmer,85712
705,M,25,college/grad student,48065
706,M,35,writer,78664
707,M,35,executive/managerial,17740
708,M,25,other,37042
709,M,18,other,92647
710,M,25,writer,85207
711,M,25,tradesman/craftsman,80521
712,M,25,other,95136
713,M,35,executive/managerial,79912
714,M,18,college/grad student,76013
715,M,18,other,53715
716,M,18,college/grad student,98188
717,M,25,lawyer,90211
718,M,18,artist,90211
719,M,1,other,75070
720,M,18,other,55129
721,F,35,homemaker,97520
722,M,25,programmer,55106
723,M,25,programmer,98027
724,M,50,retired,90266
725,M,56,lawyer,08904
726,F,25,homemaker,77449
727,M,35,lawyer,94061
728,M,25,doctor/health care,11598
729,M,35,programmer,85284
730,M,25,other,10580
731,M,45,clerical/admin,55410
732,M,25,executive/managerial,07030
733,M,35,self-employed,30034
734,M,25,executive/managerial,90078
735,M,25,sales/marketing,04240
736,M,18,programmer,07070
737,M,1,unemployed,53711
738,M,18,technician/engineer,99205
739,M,35,programmer,55803
740,M,25,sales/marketing,24551
741,M,25,customer service,44095
742,M,18,other,54758
743,F,1,artist,60660
744,M,25,technician/engineer,77007
745,M,1,K-12 student,90004
746,F,18,unemployed,95019
747,M,18,college/grad student,98606
748,M,25,other,60098
749,M,35,tradesman/craftsman,56303
750,F,35,homemaker,13066
751,F,25,technician/engineer,97201
752,F,25,clerical/admin,97401
753,M,1,K-12 student,42754
754,M,35,executive/managerial,38024
755,F,35,other,94002
756,M,35,other,90064
757,M,25,programmer,97401
758,M,35,executive/managerial,19518
759,F,56,clerical/admin,89156
760,M,56,scientist,94114
761,M,18,executive/managerial,99945
762,M,1,K-12 student,63041
763,M,18,K-12 student,02882
764,M,18,writer,85296
765,M,25,technician/engineer,74467
766,F,25,executive/managerial,95128
767,M,25,programmer,45241
768,M,25,programmer,17067
769,M,45,technician/engineer,02421
770,M,18,college/grad student,98499
771,F,50,academic/educator,75087
772,M,18,programmer,89118
773,M,25,doctor/health care,48108
774,M,18,college/grad student,22903
775,M,1,technician/engineer,56258
776,F,25,clerical/admin,92627
777,M,18,unemployed,87543
778,M,18,technician/engineer,32694
779,M,25,other,60156
780,M,25,technician/engineer,91776
781,M,18,college/grad student,95076
782,M,56,academic/educator,28223
783,M,25,college/grad student,53703
784,M,18,other,11040
785,M,18,unemployed,29307
786,M,25,other,55987
787,M,18,college/grad student,77802
788,M,25,other,37601
789,M,18,academic/educator,67212
790,M,25,technician/engineer,45694
791,M,35,executive/managerial,27511
792,M,25,technician/engineer,01002
793,F,35,sales/marketing,37043
794,M,50,writer,10543
795,F,35,sales/marketing,19147
796,M,50,doctor/health care,98237
797,F,50,executive/managerial,20175
798,F,25,writer,48464
799,F,25,customer service,98498
800,F,35,programmer,72032
801,F,25,writer,95776
802,M,25,self-employed,22801
803,M,18,college/grad student,67217
804,M,25,writer,90032
805,M,35,programmer,37211
806,M,35,other,34990
807,M,18,college/grad student,89015
808,M,25,executive/managerial,85226
809,M,25,technician/engineer,70508
810,M,25,programmer,98006
811,M,50,other,94043
812,M,25,doctor/health care,37930
813,M,18,college/grad student,70002
814,F,18,college/grad student,92612
815,M,25,college/grad student,37130
816,M,45,other,92108
817,M,18,college/grad student,41076
818,M,18,college/grad student,60107
819,M,35,executive/managerial,60611
820,M,35,executive/managerial,78759
821,M,18,artist,14456
822,F,25,academic/educator,07666
823,M,25,other,92078
824,M,35,programmer,94530
825,M,56,academic/educator,39532
826,F,35,academic/educator,80210
827,M,45,artist,55409
828,M,18,college/grad student,70817
829,M,1,unemployed,53711
830,M,35,executive/managerial,60657
831,F,45,other,20874
832,M,18,artist,19464
833,M,35,executive/managerial,46825
834,F,35,programmer,78640
835,M,56,other,94952
836,M,25,lawyer,10023
837,M,56,executive/managerial,08540
838,M,50,technician/engineer,92661
839,M,25,other,98103
840,F,25,clerical/admin,02828
841,F,50,sales/marketing,92119
842,F,18,other,55102
843,M,25,executive/managerial,49321
844,M,25,other,92121
845,F,18,other,20009
846,M,25,customer service,80209
847,F,25,executive/managerial,80228
848,M,25,scientist,94121
849,M,25,clerical/admin,75006
850,M,35,other,60640
851,M,18,college/grad student,75287
852,M,25,customer service,92105
853,M,25,technician/engineer,55447
854,F,25,self-employed,44092
855,F,18,artist,72701
856,F,45,doctor/health care,02453
857,M,35,technician/engineer,11701
858,M,35,sales/marketing,10013
859,M,25,programmer,10128
860,M,18,other,78237
861,M,25,executive/managerial,37027
862,M,35,executive/managerial,10019
863,M,25,executive/managerial,62522
864,F,25,other,97205
865,M,35,academic/educator,91711
866,M,1,K-12 student,08820
867,M,45,programmer,95814
868,M,50,technician/engineer,01702-7224
869,M,18,writer,92026
870,F,25,academic/educator,02144
871,M,1,K-12 student,76013
872,M,50,academic/educator,20815
873,M,56,doctor/health care,19027
874,M,45,scientist,26105
875,M,1,K-12 student,94707
876,M,25,college/grad student,43202
877,M,25,other,90631
878,M,18,artist,01720
879,M,45,self-employed,92018
880,M,35,technician/engineer,94114
881,M,18,sales/marketing,76401
882,M,18,artist,01720
883,F,35,sales/marketing,92673
884,M,1,K-12 student,49454
885,M,35,other,48105
886,F,56,other,14830
887,F,56,self-employed,55345
888,F,1,K-12 student,08820
889,M,45,writer,10024
890,M,18,college/grad student,92153
891,M,25,academic/educator,80202
892,M,35,other,76031
893,F,50,doctor/health care,85016
894,M,18,college/grad student,31602
895,M,50,academic/educator,34683
896,M,18,scientist,94015
897,M,25,doctor/health care,92130
898,M,25,executive/managerial,77005
899,F,25,academic/educator,30605
900,F,56,retired,90066
901,F,56,other,92027
902,M,56,other,45432
903,M,56,retired,75165
904,M,35,writer,92308
905,F,45,programmer,28655
906,M,1,K-12 student,71106
907,F,45,doctor/health care,92117
908,F,50,academic/educator,92103
909,M,45,executive/managerial,92831
910,F,50,other,98226
911,M,50,other,98226
912,F,35,artist,91324
913,M,25,other,20744-6223
914,F,35,homemaker,30338
915,M,25,executive/managerial,72762
916,F,25,academic/educator,92084
917,M,50,doctor/health care,92117
918,F,45,academic/educator,91901
919,F,35,academic/educator,92056
920,M,18,college/grad student,92173
921,M,25,technician/engineer,92084
922,M,56,self-employed,48009
923,M,25,executive/managerial,37212
924,M,50,technician/engineer,98642
925,F,35,clerical/admin,48073
926,M,1,K-12 student,07869
927,F,25,writer,91105
928,F,56,self-employed,98199
929,M,25,scientist,53706
930,M,25,customer service,98380
931,F,56,academic/educator,06032
932,F,35,doctor/health care,97838
933,M,45,academic/educator,49419
934,F,35,executive/managerial,97401
935,M,35,sales/marketing,60538
936,M,18,college/grad student,34567
937,M,25,scientist,60513
938,F,25,academic/educator,01060
939,F,25,writer,20110-5616
940,M,1,K-12 student,76240
941,M,18,writer,45387
942,F,50,doctor/health care,85716
943,F,45,programmer,08033
944,M,35,other,91505
945,M,45,executive/managerial,49345
946,M,35,executive/managerial,48103-8929
947,M,18,other,21015
948,M,56,programmer,43056
949,M,50,technician/engineer,96753
950,M,35,executive/managerial,21044
951,M,45,artist,10009
952,M,56,self-employed,97478
953,M,50,writer,97030
954,F,25,other,21030
955,F,50,executive/managerial,94941
956,M,35,academic/educator,55104
957,M,35,academic/educator,29706
958,M,35,artist,48116
959,M,50,lawyer,44622
960,M,1,K-12 student,45244
961,M,18,K-12 student,10016
962,F,25,academic/educator,80020
963,M,25,other,48197
964,M,25,executive/managerial,94123
965,M,56,executive/managerial,10954
966,M,56,artist,92262
967,F,18,other,43615
968,M,50,programmer,94530
969,F,25,lawyer,19103
970,M,25,other,27615
971,M,25,programmer,43615
972,M,45,academic/educator,02138
973,F,25,academic/educator,80026
974,M,35,unemployed,94930
975,M,35,other,98136
976,M,35,sales/marketing,89113
977,M,25,artist,80110
978,M,18,other,19116
979,M,1,K-12 student,48073
980,M,25,doctor/health care,92014
981,M,25,writer,02141
982,F,25,homemaker,92064
983,F,25,self-employed,99224
984,M,50,self-employed,92129
985,M,25,college/grad student,32608
986,F,56,other,19004
987,F,35,technician/engineer,48098
988,M,50,lawyer,48823
989,M,50,other,20706
990,M,18,doctor/health care,10004
991,F,25,homemaker,48103
992,F,35,clerical/admin,02780
993,M,25,other,45678
994,M,18,artist,92109
995,F,18,college/grad student,96803
996,M,25,technician/engineer,98102
997,M,1,unemployed,15748
998,M,45,writer,10019
999,M,25,scientist,62558
1000,F,25,doctor/health care,90027
1001,M,25,college/grad student,90210
1002,M,50,lawyer,07043
1003,M,25,artist,19320
1004,M,25,clerical/admin,95136
1005,M,35,lawyer,08003
1006,M,18,college/grad student,53220
1007,M,50,programmer,01960
1008,M,35,clerical/admin,77064
1009,M,50,executive/managerial,48315
1010,M,25,other,10310
1011,M,25,farmer,92115
1012,F,35,academic/educator,30004
1013,M,56,retired,02576
1014,F,45,technician/engineer,03054
1015,M,35,clerical/admin,11220
1016,M,56,self-employed,60044
1017,M,35,other,30906
1018,M,18,college/grad student,95616
1019,M,35,academic/educator,60640
1020,M,18,writer,93455
1021,M,35,other,94559
1022,M,25,clerical/admin,00918
1023,M,56,retired,92675
1024,F,35,academic/educator,74135
1025,M,25,self-employed,34677
1026,F,45,other,19130
1027,M,18,college/grad student,77005
1028,F,45,executive/managerial,03848
1029,M,25,other,20015
1030,M,25,executive/managerial,97303
1031,M,35,self-employed,19803
1032,M,50,self-employed,19425
1033,M,25,customer service,60076
1034,F,35,academic/educator,82601
1035,M,18,artist,15956
1036,M,35,executive/managerial,28036
1037,M,45,executive/managerial,02081
1038,F,56,scientist,20194
1039,F,35,academic/educator,02346
1040,M,25,lawyer,76309
1041,M,45,artist,94306
1042,M,35,customer service,92801
1043,F,50,lawyer,87004
1044,M,25,writer,72701
1045,F,1,K-12 student,77477
1046,M,56,tradesman/craftsman,53404-1230
1047,M,18,other,62225
1048,M,35,doctor/health care,75225
1049,M,45,sales/marketing,95002
1050,M,25,academic/educator,97302
1051,F,25,other,60513
1052,F,35,artist,75214
1053,M,35,other,18360
1054,M,1,K-12 student,75040
1055,M,35,other,91505
1056,M,1,other,48133
1057,M,45,technician/engineer,73069
1058,M,25,academic/educator,97321
1059,F,25,other,97213
1060,M,18,K-12 student,11235
1061,M,45,other,46060
1062,M,50,unemployed,59457
1063,M,35,executive/managerial,50265
1064,M,25,executive/managerial,91344
1065,F,25,other,94402
1066,M,45,programmer,02151
1067,M,35,programmer,94402
1068,F,18,college/grad student,77581
1069,M,25,writer,98105
1070,F,45,artist,20036
1071,M,50,self-employed,13045
1072,F,35,executive/managerial,07601
1073,F,25,doctor/health care,72211
1074,M,45,technician/engineer,48073
1075,F,25,doctor/health care,60660
1076,F,25,clerical/admin,27606
1077,M,25,clerical/admin,60660
1078,F,45,homemaker,95661
1079,M,25,executive/managerial,98115
1080,M,56,executive/managerial,08854
1081,M,18,college/grad student,68144-2410
1082,M,45,executive/managerial,48170
1083,M,56,other,27705
1084,M,1,unemployed,03226
1085,M,25,executive/managerial,34695
1086,M,18,college/grad student,98225
1087,M,25,self-employed,08826
1088,F,1,K-12 student,98103
1089,M,35,doctor/health care,37853
1090,M,25,executive/managerial,94105
1091,M,18,customer service,345567
1092,F,18,college/grad student,49525
1093,M,50,sales/marketing,60504
1094,F,18,other,92626
1095,F,56,doctor/health care,08753
1096,M,1,K-12 student,80439
1097,M,18,technician/engineer,92109
1098,M,35,executive/managerial,94945
1099,M,25,technician/engineer,77059
1100,M,25,other,60090
1101,M,35,academic/educator,06417
1102,M,18,academic/educator,55408
1103,F,45,executive/managerial,60605
1104,M,35,lawyer,10023
1105,M,35,doctor/health care,48105
1106,M,18,college/grad student,90241
1107,F,50,academic/educator,02324
1108,M,56,academic/educator,93003
1109,M,18,K-12 student,45904
1110,F,56,doctor/health care,77005
1111,F,50,self-employed,44319
1112,M,18,doctor/health care,19104
1113,M,18,college/grad student,97215
1114,F,18,homemaker,75801
1115,F,25,academic/educator,60551
1116,M,25,scientist,92121
1117,M,18,sales/marketing,10017
1118,M,50,retired,02718
1119,M,35,academic/educator,90504
1120,M,18,college/grad student,95616
1121,M,56,executive/managerial,78701
1122,M,56,sales/marketing,02632
1123,M,50,other,91789
1124,M,25,artist,60156
1125,F,18,college/grad student,53715
1126,M,56,self-employed,13031
1127,M,25,other,11788
1128,M,25,academic/educator,72701
1129,M,35,technician/engineer,22309
1130,M,18,executive/managerial,60012
1131,M,56,retired,12570
1132,M,18,programmer,98225
1133,M,18,artist,90038
1134,M,18,writer,19114
1135,M,50,retired,98201
1136,F,35,executive/managerial,90274
1137,M,18,college/grad student,13165
1138,M,18,programmer,12047
1139,M,25,academic/educator,93420-2852
1140,F,45,artist,73069
1141,F,25,clerical/admin,84770
1142,M,18,academic/educator,43623
1143,M,50,executive/managerial,94024
1144,M,25,executive/managerial,94025
1145,M,50,clerical/admin,92103
1146,F,18,self-employed,80260
1147,M,25,writer,98101
1148,M,35,technician/engineer,92618
1149,M,25,programmer,98103
1150,F,25,writer,75226
1151,M,25,scientist,46805
1152,M,18,college/grad student,30328
1153,M,18,K-12 student,33024
1154,F,1,K-12 student,53545
1155,M,25,programmer,90278
1156,F,50,artist,33334
1157,M,45,executive/managerial,30253
1158,F,35,academic/educator,98026
1159,M,18,other,48314
1160,M,18,sales/marketing,07017
1161,M,25,other,10025
1162,F,35,other,97213
1163,M,1,K-12 student,70448
1164,F,25,unemployed,90020
1165,M,25,programmer,45014
1166,M,56,doctor/health care,94030
1167,F,50,academic/educator,55126
1168,F,25,other,94109
1169,M,25,writer,94402
1170,M,56,clerical/admin,10023
1171,M,45,programmer,94114
1172,F,25,other,61801
1173,F,25,executive/managerial,10019
1174,F,18,self-employed,91780
1175,F,25,artist,90020
1176,M,56,academic/educator,44256
1177,F,25,technician/engineer,01453
1178,M,56,other,48186
1179,M,50,academic/educator,91030
1180,F,50,writer,95503
1181,M,35,executive/managerial,20716
1182,M,1,K-12 student,91326
1183,M,35,unemployed,94598
1184,F,25,college/grad student,92354
1185,F,35,academic/educator,97374
1186,M,18,unemployed,98502
1187,F,1,other,90210
1188,M,45,executive/managerial,72212
1189,M,25,other,85712
1190,M,45,other,98031
1191,F,35,other,98117
1192,M,50,self-employed,98103
1193,M,25,programmer,90712
1194,F,25,academic/educator,95617
1195,F,1,K-12 student,13907
1196,F,18,sales/marketing,22203
1197,M,35,academic/educator,44077
1198,M,1,K-12 student,49544
1199,M,50,retired,77459
1200,M,1,other,97222
1201,M,18,college/grad student,84112-2004
1202,M,35,programmer,97006
1203,F,25,academic/educator,06417
1204,M,25,executive/managerial,95076
1205,F,56,other,46814
1206,F,50,executive/managerial,33764
1207,M,50,other,43617
1208,M,25,other,12590
1209,M,35,executive/managerial,94127
1210,M,25,technician/engineer,27519
1211,M,18,college/grad student,10027
1212,F,50,academic/educator,60089
1213,M,50,other,91505
1214,M,56,retired,94558
1215,M,35,technician/engineer,23602
1216,M,25,artist,90292
1217,M,25,programmer,94118
1218,M,56,scientist,13207
1219,M,25,executive/managerial,12206
1220,M,1,K-12 student,48073
1221,M,18,other,19134
1222,M,35,other,52162
1223,M,25,artist,60102
1224,M,50,retired,02125
1225,M,45,executive/managerial,61081
1226,M,18,writer,07087
1227,M,50,academic/educator,90027
1228,M,25,academic/educator,94720
1229,F,25,college/grad student,48219
1230,M,25,lawyer,95125
1231,M,25,programmer,60515
1232,F,18,college/grad student,43235
1233,F,45,writer,94519
1234,M,18,college/grad student,91006
1235,F,25,executive/managerial,94043
1236,F,25,academic/educator,48316
1237,M,18,college/grad student,32720
1238,F,35,writer,11215
1239,F,25,writer,50111
1240,F,18,sales/marketing,02144
1241,M,1,K-12 student,11803
1242,F,35,other,10014
1243,M,35,scientist,92627
1244,M,25,college/grad student,22030
1245,M,25,technician/engineer,80461
1246,M,18,college/grad student,98225
1247,M,35,other,92649
1248,F,35,writer,94598
1249,M,35,artist,94587
1250,M,50,other,10573
1251,M,25,executive/managerial,48188
1252,M,56,retired,94134
1253,F,35,writer,76205
1254,F,18,academic/educator,02144
1255,M,25,technician/engineer,94110
1256,M,25,writer,10002
1257,F,18,sales/marketing,84101
1258,M,45,executive/managerial,20879
1259,M,35,executive/managerial,2020010
1260,M,25,technician/engineer,28262
1261,M,18,college/grad student,40205
1262,M,25,college/grad student,22903
1263,M,1,K-12 student,81301
1264,M,25,academic/educator,53711
1265,F,18,writer,49321
1266,M,25,college/grad student,18104
1267,M,25,scientist,12203
1268,M,50,artist,10028
1269,F,56,retired,01234
1270,M,25,doctor/health care,12230
1271,F,45,doctor/health care,54401
1272,M,18,writer,49506
1273,M,35,artist,19123
1274,M,45,executive/managerial,37343
1275,M,50,technician/engineer,39567
1276,M,35,technician/engineer,94041
1277,F,18,other,06360
1278,M,18,college/grad student,98312
1279,M,35,academic/educator,98502
1280,M,1,K-12 student,97801
1281,M,25,unemployed,97209
1282,M,50,academic/educator,98541
1283,F,18,academic/educator,94607
1284,M,45,self-employed,33334
1285,M,35,college/grad student,98125
1286,M,35,technician/engineer,92630
1287,F,50,executive/managerial,94611
1288,F,35,unemployed,92867
1289,M,45,doctor/health care,78750
1290,M,35,other,91504
1291,F,35,other,10011
1292,M,25,executive/managerial,94904
1293,M,25,customer service,60074
1294,F,50,writer,11217
1295,F,35,doctor/health care,90036
1296,M,1,other,75244
1297,M,25,executive/managerial,92109
1298,M,35,doctor/health care,33615
1299,M,25,sales/marketing,02038
1300,M,1,K-12 student,97201
1301,F,25,artist,10475
1302,M,18,college/grad student,85282
1303,M,25,unemployed,94111
1304,M,25,sales/marketing,97203
1305,M,45,writer,94121
1306,M,25,clerical/admin,64068
1307,M,56,retired,75703
1308,M,1,K-12 student,75082
1309,M,25,sales/marketing,76051
1310,M,45,other,92866
1311,M,18,K-12 student,90274
1312,M,25,sales/marketing,60153
1313,M,18,college/grad student,43214
1314,F,18,college/grad student,68154
1315,M,35,executive/managerial,75214
1316,M,50,artist,50310
1317,M,45,executive/managerial,98028
1318,M,18,self-employed,94014
1319,F,25,clerical/admin,98626
1320,M,25,college/grad student,22030
1321,F,25,sales/marketing,34639
1322,M,56,other,94043
1323,F,35,artist,11218
1324,M,35,self-employed,07030
1325,M,25,academic/educator,75230
1326,F,25,other,98115
1327,M,1,K-12 student,12159
1328,M,35,sales/marketing,60657
1329,M,18,sales/marketing,60194
1330,M,56,academic/educator,95117
1331,M,45,other,12065
1332,M,25,executive/managerial,02840
1333,M,25,technician/engineer,06460
1334,M,50,executive/managerial,10805
1335,M,35,other,14228
1336,F,50,writer,95051
1337,M,56,technician/engineer,97146
1338,M,25,other,94108
1339,M,35,tradesman/craftsman,85275
1340,M,25,executive/managerial,14302
1341,M,18,executive/managerial,11434
1342,M,35,other,94560
1343,M,35,sales/marketing,91324
1344,F,25,homemaker,43420
1345,F,25,artist,75070
1346,M,35,writer,27607
1347,F,18,academic/educator,11375
1348,F,1,K-12 student,04240
1349,M,50,executive/managerial,13088
1350,F,35,other,90278
1351,F,25,technician/engineer,98034
1352,M,35,writer,94122
1353,M,1,K-12 student,95926
1354,F,25,artist,94040
1355,F,45,writer,04240
1356,F,18,college/grad student,91706
1357,M,45,other,34116
1358,M,35,technician/engineer,49508
1359,M,35,academic/educator,10918
1360,M,25,writer,14895
1361,F,25,other,97401
1362,M,35,programmer,75069
1363,M,50,executive/managerial,01915
1364,F,45,artist,97214
1365,F,1,K-12 student,61665
1366,M,1,K-12 student,89509
1367,M,25,programmer,53707
1368,F,25,clerical/admin,50266
1369,M,25,customer service,12308
1370,M,35,artist,92821
1371,F,50,artist,60657
1372,M,1,K-12 student,95123
1373,F,25,academic/educator,55104
1374,M,50,academic/educator,91403
1375,F,45,customer service,95136
1376,F,45,academic/educator,32750
1377,M,35,self-employed,65270
1378,F,45,executive/managerial,21044
1379,F,56,retired,93448
1380,M,1,K-12 student,58078
1381,M,18,lawyer,89170
1382,F,45,academic/educator,92100
1383,F,25,executive/managerial,19806
1384,M,18,K-12 student,98058
1385,F,25,customer service,90262
1386,F,25,other,07026
1387,F,50,retired,94702
1388,M,56,writer,87107
1389,M,25,technician/engineer,19801
1390,M,35,self-employed,99352
1391,M,35,scientist,20723
1392,M,45,clerical/admin,90006
1393,M,18,college/grad student,06430
1394,F,25,clerical/admin,94117
1395,M,25,artist,07026
1396,F,25,programmer,94530
1397,M,35,executive/managerial,55901
1398,F,56,self-employed,94904
1399,M,18,technician/engineer,10804
1400,M,25,executive/managerial,92130
1401,F,18,academic/educator,94578
1402,M,18,college/grad student,90601
1403,F,25,other,53713
1404,M,50,self-employed,91360
1405,M,56,retired,33445
1406,M,25,college/grad student,91911
1407,F,35,scientist,53704
1408,M,25,other,90046
1409,M,18,college/grad student,97215
1410,M,50,executive/managerial,94404
1411,M,35,academic/educator,08107
1412,M,25,technician/engineer,94089
1413,M,18,clerical/admin,98122
1414,M,18,college/grad student,85035
1415,M,45,sales/marketing,22901
1416,M,25,sales/marketing,98101
1417,M,35,self-employed,10472
1418,M,18,college/grad student,48197
1419,F,25,academic/educator,95336
1420,M,18,college/grad student,01375
1421,F,1,K-12 student,53704
1422,M,35,technician/engineer,55934
1423,M,25,college/grad student,08540
1424,M,35,other,28209
1425,M,1,K-12 student,08872
1426,M,18,sales/marketing,94070
1427,M,25,programmer,21401
1428,F,45,lawyer,40204
1429,F,35,clerical/admin,11229
1430,M,18,college/grad student,97215
1431,M,56,doctor/health care,91011
1432,M,35,academic/educator,94549
1433,F,18,sales/marketing,49505
1434,F,1,K-12 student,495321
1435,M,25,sales/marketing,48103
1436,F,50,doctor/health care,97005
1437,M,50,clerical/admin,89102
1438,M,18,artist,21222
1439,M,35,clerical/admin,98037
1440,M,35,programmer,94520
1441,M,35,self-employed,54729
1442,M,18,artist,12345
1443,M,35,artist,98055
1444,F,25,college/grad student,91106
1445,M,25,artist,98109
1446,M,35,programmer,10128
1447,M,18,college/grad student,80521
1448,F,25,clerical/admin,17522
1449,M,35,writer,17112
1450,M,18,college/grad student,94704
1451,M,35,writer,90012
1452,F,56,retired,90732
1453,M,25,sales/marketing,19444
1454,M,18,college/grad student,93117
1455,F,45,other,92126
1456,M,25,artist,98074
1457,M,25,academic/educator,95472
1458,M,1,other,08055
1459,F,25,other,80027
1460,F,18,college/grad student,95132
1461,F,45,other,94115
1462,M,35,self-employed,95405
1463,M,50,self-employed,92612-3417
1464,M,35,programmer,75063
1465,M,50,self-employed,93003
1466,M,18,college/grad student,29201
1467,M,25,customer service,97007
1468,M,1,sales/marketing,19147
1469,M,56,writer,95420
1470,M,18,college/grad student,94118
1471,M,25,technician/engineer,11106
1472,M,25,executive/managerial,90248
1473,M,25,sales/marketing,06511
1474,M,25,college/grad student,98115
1475,F,25,artist,75075
1476,F,18,other,91030
1477,F,45,academic/educator,90601
1478,M,1,K-12 student,92620
1479,F,50,artist,94501
1480,M,25,writer,91367
1481,M,35,technician/engineer,77096
1482,M,25,executive/managerial,94132
1483,M,18,college/grad student,54481
1484,M,25,programmer,07054
1485,F,25,homemaker,80538
1486,M,25,self-employed,90638
1487,M,35,executive/managerial,07644
1488,M,25,executive/managerial,94538
1489,F,35,artist,60201
1490,M,50,executive/managerial,90505
1491,M,18,college/grad student,06511
1492,M,25,programmer,98102
1493,F,25,sales/marketing,60657
1494,M,25,technician/engineer,38104
1495,M,18,other,77341
1496,M,25,technician/engineer,94108
1497,M,50,customer service,80220
1498,M,18,college/grad student,02139
1499,M,1,K-12 student,19343
1500,M,25,technician/engineer,98115
1501,M,25,lawyer,75801
1502,M,18,college/grad student,12188
1503,M,25,programmer,92688
1504,M,18,unemployed,22030
1505,M,50,lawyer,90041
1506,M,25,executive/managerial,08550
1507,M,35,technician/engineer,95476
1508,F,1,K-12 student,94539
1509,M,1,other,11803
1510,F,25,academic/educator,48067
1511,M,35,programmer,08902
1512,M,25,writer,11102
1513,F,35,self-employed,95003
1514,M,18,college/grad student,97215
1515,M,25,self-employed,48324
1516,F,25,programmer,53154
1517,M,18,other,10002
1518,M,25,artist,95831
1519,M,18,college/grad student,38120
1520,M,25,technician/engineer,94506
1521,F,25,executive/managerial,08902
1522,M,35,writer,10025
1523,M,25,technician/engineer,95209
1524,M,18,college/grad student,06459
1525,F,25,self-employed,94706
1526,M,56,technician/engineer,80538
1527,M,18,K-12 student,78230
1528,M,25,scientist,94903
1529,M,18,college/grad student,97266
1530,M,25,college/grad student,53711
1531,M,45,technician/engineer,60462
1532,M,18,sales/marketing,43613
1533,M,45,academic/educator,71711
1534,M,50,programmer,12184
1535,F,18,writer,90036
1536,F,35,clerical/admin,83001
1537,M,18,writer,02446
1538,M,25,clerical/admin,22601
1539,M,25,clerical/admin,02359
1540,M,45,other,97214
1541,M,56,technician/engineer,23464-3016
1542,M,18,technician/engineer,12054
1543,M,25,lawyer,10549
1544,M,25,programmer,63146
1545,M,25,writer,20009
1546,M,25,college/grad student,22903
1547,M,56,retired,02115
1548,M,35,academic/educator,53703
1549,M,35,doctor/health care,20901
1550,M,18,college/grad student,11580
1551,M,25,lawyer,20008
1552,M,45,writer,10021
1553,F,25,scientist,64116
1554,F,35,programmer,17013
1555,F,18,other,20008
1556,M,18,college/grad student,48073
1557,F,18,college/grad student,10039
1558,M,18,doctor/health care,60611
1559,M,35,farmer,10014
1560,F,25,clerical/admin,85226
1561,F,18,college/grad student,11214
1562,M,18,writer,43611
1563,F,1,K-12 student,87123
1564,M,50,academic/educator,01096
1565,M,45,technician/engineer,78731
1566,M,35,self-employed,77550
1567,M,25,programmer,06511
1568,F,1,K-12 student,94086
1569,F,56,retired,07701
1570,M,18,technician/engineer,75093
1571,M,25,writer,98033
1572,F,25,clerical/admin,02155
1573,M,1,other,77479
1574,M,25,doctor/health care,81007
1575,F,50,executive/managerial,94949
1576,F,45,homemaker,85202
1577,M,56,other,72227-5733
1578,M,18,college/grad student,22201
1579,M,25,other,60201
1580,F,18,college/grad student,76201
1581,F,18,college/grad student,10003
1582,M,18,other,10705
1583,M,35,doctor/health care,94115
1584,M,25,unemployed,45701
1585,M,56,writer,92315
1586,M,45,executive/managerial,77351
1587,F,25,clerical/admin,30308
1588,M,25,lawyer,22043
1589,M,25,other,95136
1590,M,35,academic/educator,95003
1591,M,50,executive/managerial,26501
1592,M,35,executive/managerial,50111
1593,M,25,self-employed,78411
1594,F,35,writer,10013
1595,M,35,academic/educator,92683-1892
1596,F,18,customer service,48108
1597,M,25,programmer,10002
1598,M,35,retired,76548
1599,M,25,other,92646
1600,M,35,executive/managerial,08234
1601,M,25,programmer,83001
1602,F,25,executive/managerial,10562
1603,F,25,other,13326
1604,M,25,lawyer,50111
1605,F,18,other,28270
1606,F,35,clerical/admin,55405
1607,M,45,academic/educator,02135
1608,M,25,lawyer,75230
1609,F,35,homemaker,06830
1610,M,25,lawyer,55555
1611,M,25,other,03867
1612,M,25,technician/engineer,11354
1613,M,18,writer,61801
1614,M,35,other,90027
1615,F,45,executive/managerial,10022
1616,M,25,other,16101
1617,M,25,programmer,44060
1618,M,50,other,44139
1619,M,50,clerical/admin,48843
1620,M,25,writer,48009
1621,M,25,college/grad student,11423
1622,M,18,college/grad student,53715
1623,M,50,scientist,07746
1624,M,25,other,06810
1625,M,45,other,04330
1626,M,18,college/grad student,10010
1627,M,18,technician/engineer,91505
1628,M,18,writer,90028
1629,M,18,college/grad student,10003
1630,M,45,technician/engineer,91355
1631,F,50,other,94514
1632,M,25,self-employed,94120
1633,F,45,executive/managerial,99701
1634,F,56,other,38340
1635,M,25,other,97212
1636,F,25,unemployed,60612
1637,M,56,other,90049
1638,F,18,technician/engineer,95405
1639,M,25,technician/engineer,95405
1640,M,35,technician/engineer,95610
1641,M,25,other,95819
1642,M,50,retired,62002
1643,M,45,artist,90813
1644,M,18,programmer,90210
1645,F,18,homemaker,62225
1646,M,25,writer,90046
1647,M,18,tradesman/craftsman,98118
1648,M,50,sales/marketing,85202
1649,M,18,unemployed,98034
1650,M,25,unemployed,94607
1651,M,25,programmer,94520
1652,M,25,self-employed,98208
1653,M,18,other,94044
1654,F,45,other,94114
1655,M,18,college/grad student,94507
1656,M,25,technician/engineer,94122
1657,F,45,other,10022
1658,F,35,doctor/health care,94214
1659,F,18,homemaker,99703
1660,F,25,artist,94577
1661,M,35,executive/managerial,80526
1662,M,25,programmer,94121
1663,M,18,college/grad student,77845
1664,F,18,college/grad student,76707
1665,M,45,technician/engineer,87505
1666,M,25,sales/marketing,15241
1667,M,50,self-employed,98516
1668,M,35,artist,95602
1669,F,25,technician/engineer,75006
1670,F,56,retired,95320
1671,M,35,other,98368
1672,M,25,technician/engineer,93933
1673,M,1,K-12 student,98043-3621
1674,M,35,artist,95816
1675,F,25,doctor/health care,97116
1676,M,18,college/grad student,91301
1677,M,18,sales/marketing,97123
1678,F,18,technician/engineer,97070
1679,M,25,programmer,98052
1680,M,25,writer,95380
1681,M,18,college/grad student,78705
1682,M,25,artist,98102
1683,F,25,executive/managerial,98109
1684,M,18,clerical/admin,85226
1685,M,35,programmer,95833
1686,M,35,programmer,94062
1687,M,25,clerical/admin,85013
1688,F,18,college/grad student,34243
1689,M,35,customer service,98465
1690,M,35,self-employed,98029
1691,F,25,technician/engineer,85301
1692,M,35,writer,97333
1693,M,25,programmer,98684
1694,M,25,programmer,98116
1695,M,25,academic/educator,97206
1696,M,35,executive/managerial,95765
1697,F,18,college/grad student,98052
1698,M,35,artist,97214
1699,F,25,unemployed,98102
1700,M,25,writer,98119
1701,F,25,college/grad student,97233
1702,M,18,K-12 student,97303
1703,M,18,scientist,77047
1704,M,25,college/grad student,98926
1705,F,18,college/grad student,85033
1706,M,25,writer,19134
1707,M,50,academic/educator,95070
1708,M,25,other,64106
1709,M,25,other,73147
1710,M,18,other,94530
1711,F,18,college/grad student,30134
1712,M,25,other,73003
1713,M,25,other,47421
1714,M,25,technician/engineer,43212
1715,M,25,self-employed,53406
1716,M,25,other,43229
1717,F,50,doctor/health care,30307
1718,M,18,college/grad student,43235
1719,M,18,self-employed,60523
1720,M,18,college/grad student,94720
1721,M,18,unemployed,70043
1722,M,35,other,72058
1723,M,35,technician/engineer,60103
1724,M,18,college/grad student,00961
1725,M,18,unemployed,67218
1726,M,25,artist,60160
1727,M,35,self-employed,50317
1728,M,18,college/grad student,11710-1641
1729,M,25,executive/managerial,53715
1730,F,18,college/grad student,60137
1731,F,18,other,91601
1732,M,18,college/grad student,13655
1733,M,18,sales/marketing,43725
1734,M,45,technician/engineer,94602
1735,M,18,writer,30605
1736,M,56,farmer,00606
1737,M,35,writer,46614
1738,M,35,self-employed,30034
1739,M,56,self-employed,77079
1740,M,56,academic/educator,96153
1741,M,35,executive/managerial,91107
1742,M,25,scientist,08109
1743,M,35,technician/engineer,77566
1744,M,35,programmer,50325
1745,M,45,other,94114
1746,M,25,college/grad student,33157
1747,M,25,other,90638
1748,M,50,academic/educator,04240
1749,M,25,artist,10040
1750,M,50,customer service,10128
1751,M,35,writer,77024
1752,M,25,clerical/admin,96813
1753,M,35,doctor/health care,90803
1754,M,18,unemployed,27028
1755,F,18,college/grad student,77005
1756,F,25,academic/educator,75149
1757,M,25,college/grad student,75206
1758,F,25,other,33067-1400
1759,M,25,self-employed,22112
1760,F,25,clerical/admin,90016
1761,M,35,other,72058
1762,M,25,sales/marketing,75230
1763,M,35,executive/managerial,76248
1764,M,18,other,75149
1765,M,18,college/grad student,13655
1766,F,45,other,94566
1767,M,25,writer,75205
1768,M,45,self-employed,75067
1769,M,25,technician/engineer,75240
1770,M,35,self-employed,79605
1771,M,25,technician/engineer,75044
1772,M,56,artist,90680
1773,M,18,college/grad student,07030
1774,M,25,technician/engineer,99003
1775,M,25,college/grad student,70115
1776,M,25,other,45801
1777,M,25,writer,17022
1778,M,18,college/grad student,94704
1779,M,18,academic/educator,78133
1780,M,35,academic/educator,22181
1781,F,35,other,08009
1782,M,45,other,23454
1783,M,18,college/grad student,10027
1784,M,18,writer,18104
1785,M,18,college/grad student,04901
1786,M,45,academic/educator,85721
1787,M,18,farmer,90210
1788,M,45,artist,19104
1789,M,1,K-12 student,19116
1790,M,25,other,19152
1791,M,18,college/grad student,19146
1792,F,25,artist,53523
1793,M,25,college/grad student,20008
1794,M,25,lawyer,20878
1795,M,18,technician/engineer,20724
1796,M,50,lawyer,20852
1797,M,35,executive/managerial,52003
1798,M,45,lawyer,22204
1799,M,35,lawyer,70118
1800,M,18,college/grad student,70118
1801,F,25,doctor/health care,54729
1802,M,18,college/grad student,22903
1803,M,25,artist,50021
1804,M,25,executive/managerial,22314
1805,M,18,college/grad student,22401
1806,M,18,college/grad student,22032
1807,M,18,technician/engineer,20742
1808,F,18,college/grad student,22031
1809,F,25,sales/marketing,12189
1810,M,50,retired,90210
1811,M,56,artist,08825
1812,F,25,programmer,48103
1813,F,35,doctor/health care,90035
1814,M,50,executive/managerial,10014
1815,M,1,academic/educator,30707
1816,F,35,homemaker,56007
1817,M,35,academic/educator,53706
1818,M,1,farmer,02254
1819,F,35,programmer,45249
1820,M,25,writer,50265
1821,M,25,writer,43315
1822,F,25,other,53713
1823,F,35,academic/educator,92801
1824,F,18,college/grad student,43560
1825,M,25,executive/managerial,50310
1826,M,45,lawyer,49265
1827,F,25,academic/educator,07721
1828,M,18,college/grad student,07030
1829,M,25,self-employed,07302
1830,M,18,college/grad student,12180
1831,M,18,college/grad student,53190
1832,F,18,college/grad student,14433
1833,M,18,technician/engineer,07030
1834,M,35,customer service,10990
1835,M,25,unemployed,11501
1836,M,25,other,10016
1837,M,25,artist,08817
1838,M,35,executive/managerial,10011
1839,M,18,college/grad student,07940
1840,M,25,programmer,11217
1841,M,18,other,95037
1842,M,18,college/grad student,53190
1843,M,25,programmer,10014
1844,F,18,college/grad student,53711
1845,M,25,artist,10002
1846,M,45,programmer,95051
1847,M,18,college/grad student,60047
1848,M,35,customer service,10011
1849,M,35,executive/managerial,11747
1850,M,18,customer service,12582
1851,M,25,unemployed,59602
1852,M,25,programmer,10036
1853,M,50,other,90803
1854,M,25,other,92346
1855,M,18,college/grad student,93004
1856,M,56,executive/managerial,92065
1857,M,1,K-12 student,92106
1858,F,18,college/grad student,59715
1859,F,25,college/grad student,66049
1860,M,56,self-employed,94591
1861,M,50,self-employed,92129
1862,M,50,sales/marketing,95129
1863,M,18,college/grad student,90048
1864,M,35,executive/managerial,94306
1865,F,18,academic/educator,94606
1866,M,25,executive/managerial,94043
1867,M,50,executive/managerial,95008
1868,M,50,lawyer,92346
1869,M,45,sales/marketing,95148
1870,M,56,retired,85248
1871,F,45,academic/educator,46774
1872,M,50,writer,92106
1873,M,35,executive/managerial,02127
1874,M,45,executive/managerial,95076
1875,M,35,programmer,94107
1876,M,25,programmer,92024
1877,F,45,writer,90069
1878,M,1,K-12 student,92846
1879,M,25,college/grad student,29732
1880,M,35,other,91006
1881,M,35,artist,95008
1882,M,35,self-employed,92352
1883,F,50,other,94521
1884,M,45,writer,93108
1885,M,50,technician/engineer,94611
1886,M,25,programmer,94086
1887,M,56,scientist,92119
1888,M,35,programmer,95124
1889,M,18,sales/marketing,80023
1890,M,50,doctor/health care,94702
1891,M,45,academic/educator,91335
1892,M,25,writer,90066
1893,F,35,other,90024
1894,F,35,executive/managerial,94602
1895,M,35,sales/marketing,89119
1896,M,56,retired,92115
1897,F,50,artist,94530
1898,M,25,programmer,91101
1899,F,45,doctor/health care,02135
1900,M,56,programmer,94109
1901,M,50,executive/managerial,94024
1902,M,25,unemployed,93536
1903,M,35,other,90401
1904,M,18,academic/educator,30115
1905,F,35,writer,94118
1906,F,25,customer service,91311
1907,M,35,technician/engineer,94804
1908,M,56,retired,95129
1909,M,18,college/grad student,89146
1910,M,1,K-12 student,94707
1911,F,18,college/grad student,92805
1912,M,25,college/grad student,91325
1913,M,25,technician/engineer,95126
1914,F,35,sales/marketing,95051
1915,M,50,retired,01938
1916,M,45,executive/managerial,90405
1917,M,18,K-12 student,92704
1918,F,45,doctor/health care,95209
1919,M,1,other,94525
1920,F,35,executive/managerial,80122
1921,M,56,programmer,92780
1922,F,25,executive/managerial,94303
1923,M,35,executive/managerial,90026
1924,F,56,doctor/health care,90630
1925,M,50,executive/managerial,92886
1926,F,1,other,95404
1927,M,35,executive/managerial,94806
1928,M,1,K-12 student,94501
1929,F,1,K-12 student,91107
1930,M,25,scientist,94550
1931,M,25,artist,94114
1932,M,25,executive/managerial,94114
1933,M,18,unemployed,94703
1934,M,25,technician/engineer,95014
1935,M,1,K-12 student,90405
1936,M,35,other,90026
1937,M,25,lawyer,92335
1938,F,25,artist,91351
1939,F,35,artist,94930
1940,M,25,programmer,95158
1941,M,35,technician/engineer,94550
1942,M,35,customer service,04901
1943,M,18,college/grad student,91501
1944,F,18,college/grad student,93107
1945,M,25,writer,92866
1946,M,25,sales/marketing,94110
1947,M,25,executive/managerial,94041
1948,M,1,K-12 student,93111
1949,M,18,technician/engineer,92595
1950,M,25,programmer,49024
1951,F,18,college/grad student,90630
1952,M,35,academic/educator,91030
1953,F,25,artist,94566
1954,M,25,self-employed,91402
1955,M,1,unemployed,03109
1956,M,35,other,44280
1957,F,18,college/grad student,23185
1958,F,25,academic/educator,17055
1959,F,50,retired,53092
1960,M,45,executive/managerial,55555
1961,F,50,clerical/admin,91911
1962,F,18,academic/educator,60914
1963,F,50,homemaker,91941
1964,F,25,doctor/health care,89523
1965,M,56,technician/engineer,48304
1966,M,25,writer,93637
1967,M,50,executive/managerial,92116
1968,M,25,lawyer,85258
1969,F,25,clerical/admin,92116
1970,M,50,retired,89052
1971,F,25,sales/marketing,80230
1972,M,45,technician/engineer,92111
1973,M,25,academic/educator,22903
1974,M,35,technician/engineer,12159
1975,M,18,college/grad student,97361
1976,M,35,customer service,58703
1977,M,56,doctor/health care,02726
1978,M,1,K-12 student,43357
1979,M,56,technician/engineer,49506
1980,M,35,executive/managerial,06460
1981,M,56,academic/educator,80303
1982,M,1,K-12 student,80540
1983,M,25,sales/marketing,92109
1984,M,18,K-12 student,92130
1985,M,45,programmer,92122
1986,M,50,retired,91977
1987,M,25,technician/engineer,62629
1988,F,25,academic/educator,85224
1989,M,50,doctor/health care,02090
1990,M,25,executive/managerial,85257
1991,M,25,writer,48309
1992,M,18,college/grad student,85259
1993,M,35,technician/engineer,99508
1994,M,35,artist,89012
1995,M,25,academic/educator,85364
1996,M,35,other,85621
1997,M,25,other,84108
1998,F,50,homemaker,24018
1999,F,35,clerical/admin,02113
2000,M,18,college/grad student,44685
2001,M,50,academic/educator,48197
2002,F,56,retired,02136-1522
2003,M,1,K-12 student,80014
2004,M,45,unemployed,53572
2005,M,18,college/grad student,58601
2006,M,35,other,66048
2007,M,50,self-employed,80442
2008,M,25,clerical/admin,48220
2009,F,35,executive/managerial,60625
2010,M,18,college/grad student,81520
2011,F,35,clerical/admin,01545
2012,M,25,college/grad student,49456
2013,M,45,other,60543
2014,M,18,college/grad student,53233
2015,M,18,college/grad student,01003
2016,F,56,artist,20783
2017,M,25,technician/engineer,35808
2018,M,35,self-employed,46214
2019,M,50,academic/educator,27705
2020,M,25,executive/managerial,45011
2021,M,25,other,61364
2022,M,25,executive/managerial,60137
2023,M,18,college/grad student,56001
2024,M,1,unemployed,06614
2025,M,56,retired,03440
2026,M,50,self-employed,49277
2027,F,25,homemaker,48021
2028,M,45,doctor/health care,44131
2029,F,25,programmer,10011
2030,M,25,college/grad student,77345
2031,M,35,writer,60640
2032,M,50,sales/marketing,44614
2033,F,45,writer,91436
2034,F,45,artist,01851
2035,F,18,other,45212
2036,F,25,sales/marketing,90046
2037,M,56,sales/marketing,02468
2038,F,45,academic/educator,33301
2039,M,50,self-employed,60060
2040,F,25,executive/managerial,02494
2041,F,25,writer,24015
2042,M,1,K-12 student,79358
2043,M,25,sales/marketing,37931
2044,F,45,other,49408
2045,F,1,other,24179
2046,M,35,academic/educator,91711
2047,M,1,K-12 student,06437
2048,M,50,doctor/health care,49456
2049,F,50,other,13210
2050,F,35,clerical/admin,99504
2051,M,35,executive/managerial,93906
2052,M,1,K-12 student,46033
2053,M,45,lawyer,06416
2054,M,25,programmer,03110
2055,M,50,lawyer,49008
2056,M,25,college/grad student,56301
2057,M,35,academic/educator,49417
2058,F,56,academic/educator,06437
2059,M,35,other,44130
2060,M,1,academic/educator,48304
2061,M,56,academic/educator,44107
2062,M,18,college/grad student,44646
2063,M,25,college/grad student,43138
2064,M,35,academic/educator,01020
2065,M,25,doctor/health care,46807
2066,F,25,doctor/health care,53202
2067,M,50,self-employed,06430
2068,F,35,programmer,43528
2069,M,56,scientist,79068
2070,F,35,doctor/health care,13210
2071,M,45,executive/managerial,01605
2072,F,50,programmer,21133
2073,F,18,college/grad student,13148
2074,M,18,college/grad student,48197
2075,F,25,college/grad student,13210
2076,M,18,college/grad student,13165
2077,M,18,other,55112
2078,M,18,college/grad student,13323
2079,M,1,K-12 student,45241
2080,M,25,lawyer,37931
2081,M,18,technician/engineer,49445
2082,M,1,unemployed,48323
2083,M,18,college/grad student,64920
2084,M,18,college/grad student,23186
2085,M,18,other,06360
2086,M,35,sales/marketing,48328
2087,M,25,other,37923-3112
2088,M,50,executive/managerial,60618
2089,M,35,technician/engineer,17601
2090,M,35,technician/engineer,48313
2091,F,35,writer,48044
2092,M,56,academic/educator,49006
2093,M,18,other,48322
2094,M,35,artist,60061
2095,M,56,retired,58504
2096,F,25,technician/engineer,33990
2097,M,18,customer service,48504
2098,M,35,writer,48067
2099,F,18,other,48823
2100,F,25,other,24017
2101,M,25,self-employed,48309
2102,M,25,lawyer,48825
2103,M,35,programmer,03062
2104,M,45,scientist,60035
2105,M,25,academic/educator,24060
2106,F,18,writer,495321
2107,M,25,academic/educator,24060
2108,M,1,K-12 student,60462
2109,M,25,self-employed,13090
2110,M,50,lawyer,46802
2111,M,56,retired,32806
2112,F,45,programmer,23116
2113,M,25,doctor/health care,04456
2114,M,18,tradesman/craftsman,21740
2115,M,35,technician/engineer,01519
2116,M,18,college/grad student,49546
2117,M,56,retired,49307
2118,M,25,sales/marketing,02148
2119,M,35,college/grad student,10036
2120,M,1,other,02780
2121,M,56,retired,02356
2122,M,35,programmer,61614
2123,F,35,other,13064
2124,M,25,other,12306
2125,M,35,clerical/admin,46033
2126,M,56,sales/marketing,02632
2127,M,18,college/grad student,12309
2128,F,45,academic/educator,46737
2129,M,25,customer service,04103
2130,M,45,other,03060
2131,M,25,other,01701
2132,M,56,sales/marketing,02632
2133,F,1,K-12 student,01607
2134,M,18,K-12 student,02780
2135,M,50,academic/educator,01778
2136,M,35,tradesman/craftsman,13027
2137,F,1,K-12 student,00681
2138,F,18,college/grad student,88119
2139,F,50,clerical/admin,33615
2140,M,45,sales/marketing,46804
2141,F,50,self-employed,48706
2142,F,45,sales/marketing,46804
2143,M,18,college/grad student,32607
2144,M,18,other,46517
2145,M,18,K-12 student,32750
2146,M,18,artist,96002
2147,F,18,other,60641
2148,F,18,other,81301
2149,M,25,other,60089
2150,F,18,college/grad student,22904
2151,M,56,retired,33316
2152,M,18,college/grad student,22807
2153,M,18,self-employed,97405
2154,M,25,programmer,68508
2155,F,1,K-12 student,50246
2156,M,18,unemployed,55912
2157,F,18,clerical/admin,45244
2158,M,25,programmer,60618
2159,F,50,sales/marketing,60618
2160,F,18,unemployed,46556
2161,F,35,artist,95521
2162,F,1,K-12 student,35810
2163,M,18,other,87122
2164,M,35,other,95826
2165,M,25,executive/managerial,32836
2166,M,1,K-12 student,99203
2167,F,25,doctor/health care,95833
2168,M,1,K-12 student,60202
2169,M,1,other,95451
2170,F,50,self-employed,99114
2171,M,35,other,48103
2172,M,18,writer,60641
2173,M,50,retired,87502
2174,M,50,programmer,87505
2175,M,25,college/grad student,99217
2176,M,1,unemployed,73505
2177,F,35,writer,95451
2178,M,45,sales/marketing,85251
2179,F,25,other,28304
2180,M,25,programmer,27713-9225
2181,M,25,other,45245
2182,F,25,college/grad student,60443
2183,F,56,academic/educator,11795
2184,M,18,college/grad student,45403
2185,M,45,technician/engineer,27502
2186,M,18,customer service,41018
2187,M,45,self-employed,60126
2188,F,18,unemployed,60641
2189,M,1,K-12 student,60148
2190,F,25,scientist,27603
2191,M,18,college/grad student,45231
2192,F,25,other,27713
2193,M,1,K-12 student,41011
2194,M,25,technician/engineer,45233
2195,M,1,K-12 student,60148
2196,M,25,programmer,45140
2197,F,25,academic/educator,27515
2198,F,35,homemaker,46815
2199,M,1,K-12 student,60613
2200,M,35,academic/educator,60016
2201,M,56,writer,46804
2202,F,1,K-12 student,11743
2203,M,45,programmer,53718
2204,M,56,clerical/admin,94941
2205,F,25,executive/managerial,10016
2206,M,45,executive/managerial,11201
2207,M,18,college/grad student,07508
2208,M,25,other,10006
2209,M,35,executive/managerial,10011
2210,M,45,technician/engineer,88005-4313
2211,M,45,doctor/health care,01950
2212,M,18,college/grad student,80521
2213,F,25,other,60622
2214,F,25,academic/educator,46807
2215,F,25,other,93940
2216,F,25,writer,60612
2217,M,1,K-12 student,44906
2218,M,35,technician/engineer,64153
2219,M,25,doctor/health care,60060
2220,F,50,clerical/admin,95451-9554
2221,M,56,technician/engineer,94931
2222,F,45,academic/educator,13088
2223,M,25,artist,60123
2224,M,25,programmer,60025
2225,M,25,customer service,96815
2226,F,25,executive/managerial,27514
2227,M,50,sales/marketing,60016
2228,M,25,programmer,60025
2229,M,45,other,61821
2230,F,45,academic/educator,60302
2231,M,50,lawyer,85726
2232,M,25,sales/marketing,60061
2233,F,35,clerical/admin,60187
2234,M,56,academic/educator,85718
2235,M,1,K-12 student,46324
2236,M,1,K-12 student,96782
2237,F,35,doctor/health care,14905
2238,F,25,college/grad student,32607
2239,M,18,K-12 student,60148
2240,M,45,programmer,64117
2241,M,45,customer service,60647
2242,M,18,college/grad student,60115
2243,M,45,artist,86701
2244,M,1,K-12 student,60565
2245,M,1,K-12 student,60007
2246,M,25,other,60622
2247,M,45,artist,60613
2248,F,35,programmer,46755
2249,M,25,customer service,60466
2250,M,18,unemployed,60010
2251,M,35,sales/marketing,60626
2252,F,18,academic/educator,01562
2253,F,50,other,46815
2254,M,35,customer service,33317
2255,F,35,doctor/health care,44303
2256,F,45,scientist,59840
2257,F,18,college/grad student,59715
2258,F,18,college/grad student,10033
2259,F,56,self-employed,70503
2260,F,25,writer,46835
2261,M,25,customer service,33025
2262,M,45,technician/engineer,48116
2263,M,25,doctor/health care,70508
2264,F,45,executive/managerial,37877
2265,M,56,retired,60506
2266,F,50,artist,48118
2267,F,56,retired,37774
2268,F,35,academic/educator,46774
2269,F,45,other,11217
2270,M,18,academic/educator,14620
2271,M,50,sales/marketing,13210
2272,M,25,other,71731
2273,M,25,doctor/health care,23235
2274,M,18,artist,31401
2275,M,56,executive/managerial,39211
2276,M,56,retired,44143
2277,F,45,homemaker,13035
2278,M,50,technician/engineer,01536
2279,M,50,executive/managerial,08816
2280,M,56,doctor/health care,74105
2281,M,45,lawyer,48104
2282,M,50,artist,32117
2283,M,35,tradesman/craftsman,44708
2284,M,25,writer,90024
2285,F,1,K-12 student,13090
2286,M,35,technician/engineer,82604
2287,M,56,other,06082
2288,M,1,K-12 student,13066
2289,F,50,academic/educator,52002
2290,M,25,other,61021
2291,M,45,academic/educator,13214
2292,M,50,scientist,13039
2293,F,56,clerical/admin,48130
2294,M,56,retired,48108
2295,M,45,lawyer,72316
2296,F,25,doctor/health care,22923
2297,M,56,retired,52003
2298,M,35,technician/engineer,77584
2299,F,18,K-12 student,13090
2300,M,56,retired,49423
2301,F,25,programmer,02478
2302,M,50,programmer,48104
2303,M,50,technician/engineer,08055
2304,M,45,programmer,94103
2305,M,50,writer,48104
2306,F,18,college/grad student,02138
2307,M,25,technician/engineer,02140
2308,F,45,self-employed,48103
2309,F,45,other,08901
2310,M,45,programmer,48130
2311,F,25,college/grad student,22902
2312,M,45,other,13131
2313,F,50,doctor/health care,48103-4711
2314,F,25,academic/educator,13210
2315,M,56,executive/managerial,48114
2316,M,35,other,13207
2317,F,45,homemaker,57108
2318,M,56,executive/managerial,48114
2319,M,35,executive/managerial,48104
2320,F,50,academic/educator,06043
2321,M,25,executive/managerial,30115
2322,F,56,retired,48105
2323,M,35,clerical/admin,13088
2324,M,35,technician/engineer,50321
2325,F,18,college/grad student,27708
2326,M,18,college/grad student,01040
2327,M,18,K-12 student,48169
2328,M,56,executive/managerial,13212
2329,F,56,scientist,97367
2330,M,45,executive/managerial,48103
2331,M,56,academic/educator,48104
2332,M,56,sales/marketing,01545
2333,M,50,doctor/health care,13035
2334,F,56,executive/managerial,01562
2335,M,50,technician/engineer,48197
2336,M,35,tradesman/craftsman,13146
2337,M,35,technician/engineer,49424
2338,M,45,technician/engineer,13152
2339,F,56,clerical/admin,52003
2340,M,35,artist,48104
2341,M,56,academic/educator,13210
2342,M,35,clerical/admin,48107
2343,F,45,academic/educator,01604
2344,M,25,programmer,02139
2345,M,35,self-employed,98031
2346,F,1,K-12 student,48105
2347,M,35,academic/educator,48116
2348,M,50,programmer,06082
2349,M,25,farmer,50309
2350,M,18,college/grad student,44312
2351,F,25,other,11106
2352,M,50,retired,41076
2353,F,35,homemaker,61270
2354,M,35,lawyer,94306
2355,F,45,homemaker,13203
2356,F,50,self-employed,13207
2357,F,35,sales/marketing,13316
2358,F,56,doctor/health care,06074
2359,M,56,retired,13685
2360,M,50,doctor/health care,13210
2361,M,56,executive/managerial,49423
2362,M,25,sales/marketing,94110
2363,M,50,sales/marketing,95823
2364,F,56,homemaker,13078
2365,M,50,executive/managerial,13203
2366,F,45,self-employed,01532
2367,F,25,homemaker,49424
2368,F,56,retired,13057
2369,M,35,sales/marketing,06040
2370,M,50,academic/educator,13215
2371,F,35,executive/managerial,06082
2372,F,45,executive/managerial,01602
2373,M,45,executive/managerial,94109
2374,M,25,sales/marketing,94404
2375,F,50,executive/managerial,13027
2376,M,25,academic/educator,13210
2377,M,35,other,06108
2378,M,25,clerical/admin,75150
2379,M,18,tradesman/craftsman,13045
2380,M,25,college/grad student,22903
2381,F,35,homemaker,13066
2382,M,50,retired,59715
2383,F,25,sales/marketing,95125
2384,M,35,technician/engineer,62034
2385,F,45,artist,01545
2386,F,25,other,06040
2387,M,25,technician/engineer,32224
2388,M,56,customer service,06082
2389,M,25,self-employed,37922
2390,F,25,doctor/health care,33076
2391,M,50,tradesman/craftsman,13126
2392,F,56,clerical/admin,06040
2393,M,56,retired,13123
2394,M,35,doctor/health care,37923
2395,M,35,executive/managerial,08021
2396,F,18,other,22102
2397,F,35,lawyer,43201
2398,M,25,other,98122
2399,M,35,technician/engineer,11355
2400,F,25,self-employed,95687
2401,M,25,college/grad student,22901
2402,M,45,technician/engineer,32024
2403,M,18,college/grad student,37743
2404,M,18,executive/managerial,64055
2405,M,50,farmer,78065
2406,F,56,programmer,01520
2407,M,35,self-employed,11358
2408,F,45,academic/educator,01609
2409,F,35,homemaker,06074
2410,M,56,executive/managerial,06071
2411,F,35,sales/marketing,01536
2412,M,56,retired,01501
2413,F,56,executive/managerial,06118
2414,M,25,academic/educator,49503
2415,M,25,executive/managerial,22407
2416,M,45,executive/managerial,01531
2417,M,45,academic/educator,53045
2418,F,1,K-12 student,06074
2419,M,25,other,06096
2420,M,50,executive/managerial,37938
2421,M,35,executive/managerial,44306
2422,F,50,homemaker,02865
2423,F,45,homemaker,01520
2424,M,25,technician/engineer,95035
2425,F,35,sales/marketing,45243
2426,M,56,other,01606
2427,F,25,sales/marketing,94010
2428,M,45,technician/engineer,45255
2429,M,25,artist,22903
2430,M,25,college/grad student,22902
2431,F,25,college/grad student,22903
2432,M,25,college/grad student,22903
2433,M,25,college/grad student,22903
2434,M,25,college/grad student,22901
2435,M,25,college/grad student,22903
2436,M,25,executive/managerial,22902
2437,M,25,college/grad student,22923
2438,M,35,academic/educator,22903
2439,M,45,technician/engineer,48105
2440,M,50,technician/engineer,01430
2441,F,45,doctor/health care,42406
2442,M,35,technician/engineer,36830
2443,F,35,other,49464
2444,F,45,college/grad student,42420
2445,M,25,other,48104
2446,M,18,executive/managerial,10038
2447,M,25,sales/marketing,03051
2448,M,35,doctor/health care,37932
2449,M,56,retired,37922
2450,M,45,self-employed,01612
2451,M,45,programmer,37853
2452,M,45,executive/managerial,01545
2453,M,25,executive/managerial,55429
2454,M,18,other,97005
2455,M,35,executive/managerial,48197
2456,M,25,customer service,48103
2457,M,25,other,60656
2458,M,25,executive/managerial,85040
2459,M,50,executive/managerial,44313
2460,F,50,academic/educator,36067
2461,M,18,college/grad student,98117
2462,M,35,academic/educator,44303
2463,M,25,executive/managerial,33916
2464,F,18,college/grad student,44106
2465,M,50,doctor/health care,44333
2466,M,25,scientist,94303
2467,M,1,K-12 student,44224
2468,M,50,academic/educator,44240
2469,M,25,college/grad student,90048
2470,M,35,tradesman/craftsman,52001
2471,M,50,retired,98683
2472,M,25,tradesman/craftsman,37922
2473,M,25,programmer,98105
2474,M,25,programmer,83815
2475,F,25,tradesman/craftsman,98115
2476,M,50,programmer,78703
2477,M,45,other,42420
2478,M,50,academic/educator,37922
2479,F,25,academic/educator,23454
2480,F,18,writer,94410
2481,M,35,sales/marketing,03054
2482,F,50,clerical/admin,37772
2483,M,56,retired,90503
2484,M,45,customer service,31901
2485,M,35,sales/marketing,95746
2486,M,18,programmer,98105
2487,M,45,executive/managerial,55438
2488,F,45,artist,31804
2489,F,35,homemaker,37843
2490,M,25,programmer,94703
2491,M,35,executive/managerial,22904
2492,F,45,artist,37924
2493,M,45,artist,90631
2494,M,18,college/grad student,52003
2495,F,18,college/grad student,56401
2496,M,50,academic/educator,37932
2497,F,50,sales/marketing,37922
2498,M,56,tradesman/craftsman,70817
2499,M,50,other,36109
2500,M,56,academic/educator,29672
2501,M,25,scientist,37923
2502,M,56,retired,49423
2503,M,35,technician/engineer,19360
2504,M,25,executive/managerial,98115
2505,M,25,executive/managerial,55405
2506,F,25,sales/marketing,98225
2507,M,25,college/grad student,94107
2508,F,35,clerical/admin,77429
2509,M,25,customer service,36109
2510,M,25,executive/managerial,37930
2511,M,25,executive/managerial,15209
2512,F,45,sales/marketing,36109
2513,M,56,academic/educator,37922
2514,M,56,sales/marketing,37922
2515,M,45,programmer,37914
2516,F,45,doctor/health care,37909
2517,F,35,homemaker,53806
2518,M,25,executive/managerial,11793
2519,F,45,artist,14850
2520,F,56,artist,95448
2521,M,35,technician/engineer,49424
2522,M,18,lawyer,60614
2523,M,25,technician/engineer,49423
2524,F,56,homemaker,38558
2525,F,35,academic/educator,37922
2526,M,56,retired,37923
2527,M,35,scientist,36109
2528,M,56,other,37922
2529,F,35,homemaker,95903
2530,M,18,other,42420
2531,F,45,executive/managerial,52003
2532,F,56,retired,37917
2533,F,25,clerical/admin,49423
2534,F,50,doctor/health care,37922
2535,F,56,artist,03431
2536,M,56,retired,37830
2537,M,35,lawyer,37620
2538,M,56,retired,37923
2539,M,35,executive/managerial,32444
2540,F,45,doctor/health care,42420
2541,F,35,customer service,49424
2542,F,45,retired,37922
2543,F,35,other,42420
2544,M,45,academic/educator,52001
2545,M,56,retired,37830
2546,F,56,retired,37931
2547,F,35,other,37920
2548,F,35,doctor/health care,37919
2549,M,56,retired,37938
2550,M,50,executive/managerial,37931
2551,M,25,programmer,98133
2552,F,25,homemaker,29369
2553,M,25,executive/managerial,29369
2554,M,25,academic/educator,97405
2555,M,56,executive/managerial,10522
2556,M,25,college/grad student,02430
2557,F,18,unemployed,02452
2558,M,56,technician/engineer,53061
2559,M,18,K-12 student,53207
2560,F,45,doctor/health care,84318
2561,M,25,scientist,06460
2562,M,18,other,98021
2563,M,45,retired,53132
2564,F,35,writer,43230
2565,M,35,customer service,34786
2566,M,35,technician/engineer,94022
2567,M,25,other,06451
2568,M,25,technician/engineer,31311
2569,M,45,other,45248
2570,F,56,sales/marketing,95005
2571,M,35,technician/engineer,20151
2572,M,35,sales/marketing,75005
2573,M,45,self-employed,94536
2574,M,50,doctor/health care,06511
2575,M,35,executive/managerial,76248
2576,M,18,technician/engineer,97030
2577,M,25,executive/managerial,77099
2578,M,50,executive/managerial,94107
2579,M,35,scientist,91411
2580,F,45,academic/educator,12538
2581,M,25,lawyer,60611
2582,F,25,academic/educator,97201
2583,M,35,executive/managerial,19610
2584,F,56,academic/educator,94563
2585,M,45,scientist,64081-8102
2586,M,25,writer,46802
2587,M,35,executive/managerial,55124
2588,F,56,retired,78737
2589,M,25,other,19004
2590,M,18,college/grad student,94044
2591,M,18,academic/educator,50310
2592,M,50,executive/managerial,80004-4448
2593,M,56,self-employed,95816
2594,M,35,executive/managerial,31047
2595,M,18,college/grad student,15213
2596,M,50,executive/managerial,48152
2597,F,50,other,95616
2598,M,25,technician/engineer,20866
2599,M,25,programmer,53154
2600,M,25,sales/marketing,19312
2601,M,35,self-employed,27613
2602,M,45,programmer,92104
2603,M,25,technician/engineer,19126
2604,M,25,other,45459
2605,M,35,executive/managerial,75013
2606,M,50,executive/managerial,34285
2607,F,56,other,48178
2608,F,25,academic/educator,10025
2609,F,50,programmer,55391
2610,M,45,executive/managerial,48322
2611,M,25,clerical/admin,07719
2612,F,45,clerical/admin,94560
2613,M,35,academic/educator,92120
2614,M,25,executive/managerial,15205
2615,M,25,executive/managerial,21029
2616,M,35,executive/managerial,02657
2617,F,45,scientist,60081
2618,F,18,college/grad student,53538
2619,M,35,programmer,95677
2620,M,18,college/grad student,47306
2621,M,18,other,46304
2622,F,35,doctor/health care,27516
2623,M,56,academic/educator,30345
2624,F,35,other,44313
2625,M,35,executive/managerial,61910
2626,M,56,academic/educator,04056
2627,M,25,academic/educator,06877
2628,F,25,artist,11217
2629,M,25,lawyer,15237
2630,F,18,customer service,78704
2631,F,50,academic/educator,14850
2632,M,56,other,43528
2633,F,35,homemaker,07728
2634,M,56,academic/educator,15701
2635,M,35,other,06403
2636,M,18,programmer,78750
2637,F,35,writer,44303
2638,M,25,sales/marketing,06405
2639,F,25,doctor/health care,80236
2640,M,35,programmer,78230
2641,M,25,doctor/health care,19428
2642,M,25,other,33073
2643,M,45,technician/engineer,99005
2644,M,18,scientist,45215
2645,M,25,executive/managerial,60657
2646,M,45,technician/engineer,18049
2647,F,35,lawyer,15116
2648,M,25,technician/engineer,27707
2649,M,25,self-employed,80126
2650,M,45,executive/managerial,75080
2651,M,56,sales/marketing,11779
2652,M,35,writer,84010
2653,M,25,executive/managerial,94109
2654,F,35,homemaker,48336
2655,M,35,executive/managerial,66224
2656,M,56,retired,32837
2657,F,1,K-12 student,47403
2658,M,25,executive/managerial,60115
2659,M,35,sales/marketing,01060
2660,M,56,technician/engineer,28704
2661,M,56,retired,19312
2662,M,25,technician/engineer,02021
2663,F,25,college/grad student,02215
2664,M,35,executive/managerial,52402
2665,M,35,lawyer,98443
2666,M,45,self-employed,63128
2667,F,35,doctor/health care,08043
2668,F,25,college/grad student,94110
2669,M,45,other,24541
2670,M,35,doctor/health care,94598
2671,F,35,programmer,54220
2672,M,35,executive/managerial,04096
2673,M,35,executive/managerial,77040
2674,M,25,college/grad student,94110
2675,M,35,tradesman/craftsman,98664
2676,M,56,writer,78731
2677,F,35,executive/managerial,66204
2678,M,25,doctor/health care,49707
2679,F,18,college/grad student,02143
2680,M,25,programmer,01864
2681,F,25,college/grad student,48823
2682,M,18,college/grad student,43210
2683,M,35,executive/managerial,60188
2684,F,18,other,19143
2685,M,45,executive/managerial,02116
2686,M,25,other,85283
2687,M,1,K-12 student,08805
2688,M,25,technician/engineer,54915
2689,M,25,programmer,27511
2690,M,25,executive/managerial,24210
2691,M,18,college/grad student,06459
2692,F,18,college/grad student,14620
2693,M,56,retired,72949
2694,M,18,college/grad student,90024
2695,M,35,lawyer,46033
2696,M,25,executive/managerial,24210
2697,F,50,technician/engineer,87031
2698,F,25,artist,10028
2699,F,56,retired,74128
2700,M,25,executive/managerial,30117
2701,M,45,academic/educator,60115
2702,M,45,doctor/health care,65201
2703,M,35,lawyer,52803
2704,M,56,retired,72764
2705,M,25,academic/educator,27713
2706,F,25,academic/educator,27713
2707,M,56,retired,24060
2708,M,25,executive/managerial,44115
2709,F,25,other,60660
2710,M,35,technician/engineer,94303
2711,F,25,college/grad student,01075
2712,F,18,unemployed,33953
2713,M,25,executive/managerial,96811
2714,M,18,college/grad student,96815
2715,F,50,college/grad student,96822
2716,F,50,college/grad student,96825
2717,M,25,college/grad student,96826
2718,F,25,college/grad student,96817
2719,M,25,programmer,98100
2720,M,35,other,20795
2721,M,45,sales/marketing,19382
2722,M,35,executive/managerial,22043
2723,F,25,homemaker,28147
2724,F,45,artist,27514
2725,M,35,executive/managerial,30071
2726,M,45,lawyer,02155
2727,M,25,lawyer,60603
2728,M,35,programmer,27614
2729,M,50,executive/managerial,17402
2730,M,35,lawyer,48640
2731,M,35,executive/managerial,11050
2732,M,45,technician/engineer,92805
2733,M,45,technician/engineer,94002
2734,F,18,college/grad student,02912
2735,M,25,executive/managerial,22903
2736,M,45,programmer,80303
2737,M,25,clerical/admin,50311
2738,F,50,artist,22181
2739,F,35,executive/managerial,92316
2740,M,45,technician/engineer,22181
2741,M,25,sales/marketing,60614
2742,M,25,technician/engineer,36092
2743,M,25,sales/marketing,72601
2744,M,18,technician/engineer,53818
2745,F,35,academic/educator,30345
2746,M,50,sales/marketing,50265-2850
2747,F,18,college/grad student,90025
2748,M,25,college/grad student,85719
2749,M,25,programmer,10025
2750,F,25,scientist,91360
2751,F,25,self-employed,28120
2752,M,25,scientist,77006
2753,F,50,writer,27516
2754,M,50,programmer,60148
2755,M,35,executive/managerial,29631
2756,M,18,college/grad student,97331
2757,M,25,artist,10023
2758,M,56,farmer,12436
2759,M,25,executive/managerial,36102
2760,M,56,other,01886
2761,M,35,doctor/health care,80917
2762,M,50,self-employed,63131
2763,F,18,college/grad student,48104
2764,M,25,executive/managerial,91403
2765,M,50,executive/managerial,02420
2766,M,45,executive/managerial,55016
2767,M,25,other,99163
2768,M,25,technician/engineer,90210
2769,M,25,executive/managerial,20170
2770,M,35,academic/educator,14260
2771,M,18,academic/educator,92037
2772,M,35,technician/engineer,10025
2773,M,35,artist,78766
2774,M,25,academic/educator,92103
2775,F,18,college/grad student,90038
2776,M,25,sales/marketing,22205
2777,M,18,college/grad student,95326
2778,M,56,retired,94025
2779,M,35,executive/managerial,10040
2780,M,25,technician/engineer,94133
2781,M,35,college/grad student,45205
2782,F,18,college/grad student,48858
2783,M,45,technician/engineer,78750
2784,M,50,writer,20007
2785,M,56,retired,29928
2786,M,25,college/grad student,60201
2787,M,25,college/grad student,60614
2788,M,56,academic/educator,90049
2789,M,18,college/grad student,90025
2790,M,25,writer,85013
2791,M,56,executive/managerial,10023
2792,M,18,college/grad student,02452
2793,M,35,executive/managerial,70116
2794,M,25,artist,20036
2795,M,50,retired,33710
2796,M,25,sales/marketing,92104
2797,F,25,executive/managerial,94043
2798,M,35,writer,10038
2799,M,18,other,55404
2800,F,18,college/grad student,73070
2801,F,25,clerical/admin,12866
2802,M,35,writer,10036
2803,M,25,executive/managerial,94022
2804,F,35,other,46234
2805,M,56,unemployed,06040
2806,M,1,K-12 student,15208
2807,F,35,lawyer,22043
2808,M,56,self-employed,60610
2809,M,25,executive/managerial,10016
2810,F,1,K-12 student,64093
2811,M,25,unemployed,94122
2812,M,25,technician/engineer,60607
2813,M,25,writer,55406
2814,M,35,executive/managerial,02127
2815,M,35,technician/engineer,60477
2816,M,25,executive/managerial,60015
2817,M,35,programmer,53130
2818,M,25,programmer,55106
2819,M,45,sales/marketing,44122
2820,F,35,other,02138
2821,M,18,writer,10036
2822,M,50,executive/managerial,10003
2823,M,25,college/grad student,02452
2824,M,18,college/grad student,02111
2825,F,25,writer,94014
2826,M,35,programmer,10011
2827,M,25,technician/engineer,94063
2828,M,18,college/grad student,02454
2829,M,45,writer,10013
2830,M,35,executive/managerial,94506
2831,M,25,other,32225
2832,M,25,technician/engineer,20036
2833,M,25,scientist,85003
2834,M,35,academic/educator,33304
2835,M,35,writer,60622
2836,M,25,programmer,07974
2837,M,18,other,49506
2838,M,18,academic/educator,95864
2839,M,25,technician/engineer,10003
2840,M,25,other,60660
2841,M,50,programmer,98056
2842,M,35,technician/engineer,30145
2843,F,25,college/grad student,78705
2844,M,25,writer,87103
2845,M,25,college/grad student,74074
2846,F,18,college/grad student,91604
2847,M,18,college/grad student,10027
2848,M,25,other,47401
2849,M,45,lawyer,94114
2850,M,18,writer,94608
2851,F,25,executive/managerial,94107
2852,M,25,programmer,98037
2853,M,1,academic/educator,444555
2854,F,18,college/grad student,64151
2855,M,25,college/grad student,94102
2856,M,35,lawyer,22030
2857,M,25,other,10469
2858,F,1,K-12 student,72601
2859,M,18,academic/educator,95814
2860,M,35,technician/engineer,20009
2861,M,25,scientist,06510
2862,M,45,executive/managerial,55066
2863,F,25,artist,27705
2864,F,35,clerical/admin,11725
2865,F,25,doctor/health care,21014
2866,M,25,executive/managerial,53717
2867,M,45,technician/engineer,15204
2868,M,35,programmer,94025
2869,M,50,technician/engineer,07650
2870,M,50,tradesman/craftsman,95472
2871,F,25,sales/marketing,98110
2872,M,25,writer,94014
2873,F,18,college/grad student,64093
2874,F,35,writer,20036
2875,M,25,artist,10013
2876,M,25,technician/engineer,02149
2877,M,35,academic/educator,80687
2878,F,50,writer,88005
2879,M,18,college/grad student,60062
2880,M,18,programmer,55405
2881,F,25,programmer,77019
2882,M,18,writer,78759
2883,M,18,writer,30101
2884,F,50,clerical/admin,53222
2885,F,18,academic/educator,80302
2886,M,18,college/grad student,60073
2887,M,25,clerical/admin,66205
2888,M,25,sales/marketing,55438
2889,M,35,clerical/admin,55104
2890,M,35,executive/managerial,90069
2891,F,18,college/grad student,66044
2892,M,25,college/grad student,84064
2893,M,25,academic/educator,94025
2894,M,18,college/grad student,44130
2895,M,25,lawyer,07039
2896,M,18,sales/marketing,60073
2897,M,25,customer service,97405
2898,M,18,college/grad student,02453
2899,M,35,sales/marketing,94133
2900,M,18,programmer,95120
2901,M,25,technician/engineer,78749
2902,M,25,programmer,98007
2903,M,25,self-employed,20850
2904,M,25,college/grad student,16802
2905,M,35,technician/engineer,55407
2906,M,35,unemployed,55421
2907,F,35,customer service,12345
2908,M,18,artist,74403
2909,M,25,executive/managerial,43228
2910,M,1,unemployed,75602
2911,F,25,college/grad student,55455
2912,F,18,college/grad student,48104
2913,F,35,writer,98119
2914,M,25,college/grad student,92614
2915,M,25,executive/managerial,23423
2916,M,45,artist,98011
2917,M,25,other,60201
2918,M,25,programmer,98112
2919,M,18,technician/engineer,88076
2920,M,25,artist,55116
2921,M,50,academic/educator,53221
2922,M,25,technician/engineer,52402
2923,M,35,programmer,44256
2924,F,18,college/grad student,94121
2925,F,25,college/grad student,23454
2926,F,18,artist,55118
2927,M,25,programmer,24060
2928,M,25,artist,90068
2929,M,18,artist,60614
2930,M,50,technician/engineer,45420
2931,M,18,college/grad student,16803
2932,M,25,programmer,55346
2933,M,35,lawyer,32082
2934,F,35,writer,91324
2935,M,25,other,55126
2936,F,18,college/grad student,94122
2937,F,18,college/grad student,48103
2938,F,25,other,55345
2939,F,25,scientist,94901
2940,M,25,other,02143
2941,M,35,programmer,98033
2942,F,50,academic/educator,93103
2943,M,35,programmer,95864
2944,F,18,college/grad student,48104
2945,F,35,technician/engineer,89507
2946,M,35,self-employed,92630
2947,F,25,other,02138
2948,M,18,sales/marketing,48185
2949,M,25,technician/engineer,98033
2950,M,18,other,72761
2951,F,35,sales/marketing,94303
2952,M,25,college/grad student,06511
2953,M,25,writer,23225
2954,M,18,artist,11435
2955,M,35,sales/marketing,92025
2956,M,25,programmer,50265
2957,M,18,college/grad student,48104
2958,M,25,executive/managerial,91911
2959,M,35,technician/engineer,06074
2960,M,18,college/grad student,48104
2961,M,50,technician/engineer,91977
2962,M,35,clerical/admin,94109
2963,F,18,college/grad student,48104
2964,M,25,technician/engineer,07030
2965,F,35,college/grad student,48103
2966,F,25,college/grad student,48104
2967,M,25,other,94110
2968,F,18,other,48104
2969,M,25,executive/managerial,06851
2970,M,18,college/grad student,48104
2971,M,25,college/grad student,48104
2972,M,25,college/grad student,97330
2973,F,18,college/grad student,48108
2974,M,18,college/grad student,48105
2975,M,35,lawyer,20879
2976,M,18,writer,86001
2977,F,18,college/grad student,48104
2978,M,35,writer,45236
2979,M,35,artist,45243
2980,M,45,executive/managerial,91766
2981,M,45,doctor/health care,52556
2982,M,25,college/grad student,54902
2983,M,18,college/grad student,97850
2984,M,25,college/grad student,48105
2985,M,18,college/grad student,97333
2986,M,25,college/grad student,24060
2987,M,18,college/grad student,15213
2988,F,18,doctor/health care,92122
2989,M,35,programmer,97330
2990,M,35,programmer,45243
2991,M,50,academic/educator,48105
2992,M,18,college/grad student,14853
2993,M,18,unemployed,12133
2994,M,35,customer service,95008
2995,M,25,scientist,97333
2996,M,18,other,63011
2997,F,35,self-employed,45238
2998,F,25,academic/educator,45241
2999,M,25,executive/managerial,33813
3000,M,25,college/grad student,55408
3001,M,18,college/grad student,94704
3002,M,45,lawyer,90028
3003,M,18,scientist,94606
3004,F,18,college/grad student,02138
3005,M,25,technician/engineer,94133
3006,M,18,college/grad student,45750
3007,M,35,other,33174
3008,M,18,college/grad student,94403
3009,F,35,clerical/admin,55112
3010,M,25,programmer,78759
3011,M,25,academic/educator,10003
3012,M,25,programmer,78660
3013,M,45,technician/engineer,97124
3014,M,35,executive/managerial,06430
3015,M,56,doctor/health care,62707
3016,M,18,programmer,78759
3017,F,35,homemaker,85255
3018,M,35,other,45242
3019,M,50,programmer,97330
3020,F,35,executive/managerial,60302
3021,F,45,scientist,78750
3022,M,25,technician/engineer,78730
3023,F,25,executive/managerial,92108
3024,M,35,technician/engineer,14302
3025,F,35,other,90004
3026,F,18,college/grad student,45750
3027,M,18,college/grad student,85719
3028,M,1,K-12 student,12701
3029,M,18,college/grad student,92037
3030,M,35,academic/educator,48103
3031,M,18,college/grad student,48135
3032,M,25,other,47303
3033,M,18,college/grad student,02906
3034,F,18,academic/educator,33143
3035,F,25,executive/managerial,90230
3036,M,56,retired,14843
3037,F,25,artist,97333
3038,F,35,artist,97401
3039,F,50,clerical/admin,33611
3040,M,25,farmer,22046
3041,M,25,college/grad student,97333
3042,M,56,academic/educator,49042
3043,M,18,artist,90069
3044,M,35,self-employed,77301
3045,M,45,academic/educator,90631
